# MagicaVoxel @ Ephtracy

# group
o 

# material
mtllib Bomb.mtl
usemtl palette

# normals
vn -1 0 0
vn 1 0 0
vn 0 0 1
vn 0 0 -1
vn 0 -1 0
vn 0 1 0

# texcoords
vt 0.0292969 0.5
vt 0.0605469 0.5
vt 0.0917969 0.5
vt 0.138672 0.5
vt 0.373047 0.5
vt 0.994141 0.5

# verts
v -1 0.9 0.2
v -1 0.9 0.1
v -1 0.9 -0.2
v -1 1 0.3
v -1 1 0.2
v -1 1 -0.2
v -1 1 -0.3
v -1 1.1 0.4
v -1 1.1 0.3
v -1 1.1 0.1
v -1 1.1 -0.3
v -1 1.1 -0.4
v -1 1.2 0.1
v -1 1.2 -0.1
v -1 1.3 -0.1
v -1 1.3 -0.2
v -1 1.4 0.1
v -1 1.4 0
v -1 1.5 0.4
v -1 1.5 0.3
v -1 1.5 -0.2
v -1 1.5 -0.3
v -1 1.5 -0.4
v -1 1.6 0.3
v -1 1.6 0.2
v -1 1.6 0
v -1 1.6 -0.1
v -1 1.6 -0.2
v -1 1.6 -0.3
v -1 1.7 0.2
v -1 1.7 -0.1
v -1 1.7 -0.2
v -0.9 0.7 0.2
v -0.9 0.7 -0.2
v -0.9 0.8 0.4
v -0.9 0.8 0.2
v -0.9 0.8 -0.2
v -0.9 0.8 -0.4
v -0.9 0.9 0.5
v -0.9 0.9 0.4
v -0.9 0.9 0.3
v -0.9 0.9 0.2
v -0.9 0.9 0.1
v -0.9 0.9 -0.2
v -0.9 0.9 -0.4
v -0.9 0.9 -0.5
v -0.9 1 0.3
v -0.9 1 0.2
v -0.9 1 -0.2
v -0.9 1 -0.3
v -0.9 1.1 0.6
v -0.9 1.1 0.5
v -0.9 1.1 0.4
v -0.9 1.1 0.3
v -0.9 1.1 -0.3
v -0.9 1.1 -0.4
v -0.9 1.1 -0.5
v -0.9 1.1 -0.6
v -0.9 1.5 0.6
v -0.9 1.5 0.5
v -0.9 1.5 0.4
v -0.9 1.5 0.3
v -0.9 1.5 -0.3
v -0.9 1.5 -0.4
v -0.9 1.5 -0.5
v -0.9 1.5 -0.6
v -0.9 1.6 0.3
v -0.9 1.6 0.2
v -0.9 1.6 -0.2
v -0.9 1.6 -0.3
v -0.9 1.7 0.5
v -0.9 1.7 0.4
v -0.9 1.7 0.2
v -0.9 1.7 -0.1
v -0.9 1.7 -0.2
v -0.9 1.7 -0.3
v -0.9 1.7 -0.4
v -0.9 1.7 -0.5
v -0.9 1.8 0.4
v -0.9 1.8 0.2
v -0.9 1.8 -0.2
v -0.9 1.8 -0.4
v -0.9 1.9 0.2
v -0.9 1.9 -0.1
v -0.9 1.9 -0.2
v -0.8 0.6 0.3
v -0.8 0.6 -0.3
v -0.8 0.7 0.5
v -0.8 0.7 0.3
v -0.8 0.7 0.2
v -0.8 0.7 -0.2
v -0.8 0.7 -0.3
v -0.8 0.7 -0.4
v -0.8 0.7 -0.5
v -0.8 0.8 0.6
v -0.8 0.8 0.5
v -0.8 0.8 0.4
v -0.8 0.8 0.2
v -0.8 0.8 -0.2
v -0.8 0.8 -0.4
v -0.8 0.8 -0.5
v -0.8 0.8 -0.6
v -0.8 0.9 0.5
v -0.8 0.9 0.4
v -0.8 0.9 -0.4
v -0.8 0.9 -0.5
v -0.8 1 0.7
v -0.8 1 0.6
v -0.8 1 -0.6
v -0.8 1 -0.7
v -0.8 1.1 0.6
v -0.8 1.1 0.5
v -0.8 1.1 -0.5
v -0.8 1.1 -0.6
v -0.8 1.5 0.6
v -0.8 1.5 0.5
v -0.8 1.5 -0.5
v -0.8 1.5 -0.6
v -0.8 1.6 0.7
v -0.8 1.6 0.6
v -0.8 1.6 -0.6
v -0.8 1.6 -0.7
v -0.8 1.7 0.5
v -0.8 1.7 0.4
v -0.8 1.7 -0.4
v -0.8 1.7 -0.5
v -0.8 1.8 0.6
v -0.8 1.8 0.5
v -0.8 1.8 0.4
v -0.8 1.8 0.2
v -0.8 1.8 -0.2
v -0.8 1.8 -0.4
v -0.8 1.8 -0.5
v -0.8 1.8 -0.6
v -0.8 1.9 0.5
v -0.8 1.9 0.3
v -0.8 1.9 0.2
v -0.8 1.9 -0.1
v -0.8 1.9 -0.2
v -0.8 1.9 -0.3
v -0.8 1.9 -0.4
v -0.8 1.9 -0.5
v -0.8 2 0.3
v -0.8 2 -0.3
v -0.7 0.5 0.3
v -0.7 0.5 0.2
v -0.7 0.5 -0.3
v -0.7 0.6 0.5
v -0.7 0.6 0.4
v -0.7 0.6 0.3
v -0.7 0.6 0.2
v -0.7 0.6 -0.3
v -0.7 0.6 -0.5
v -0.7 0.7 0.6
v -0.7 0.7 0.5
v -0.7 0.7 0.4
v -0.7 0.7 0.3
v -0.7 0.7 -0.3
v -0.7 0.7 -0.4
v -0.7 0.7 -0.5
v -0.7 0.7 -0.6
v -0.7 0.8 0.7
v -0.7 0.8 0.6
v -0.7 0.8 0.5
v -0.7 0.8 -0.5
v -0.7 0.8 -0.6
v -0.7 0.8 -0.7
v -0.7 0.9 -0.6
v -0.7 0.9 -0.7
v -0.7 1 0.8
v -0.7 1 0.7
v -0.7 1 0.6
v -0.7 1 -0.6
v -0.7 1 -0.7
v -0.7 1 -0.8
v -0.7 1.6 0.8
v -0.7 1.6 0.7
v -0.7 1.6 0.6
v -0.7 1.6 -0.6
v -0.7 1.6 -0.7
v -0.7 1.6 -0.8
v -0.7 1.8 0.7
v -0.7 1.8 0.6
v -0.7 1.8 0.5
v -0.7 1.8 -0.5
v -0.7 1.8 -0.6
v -0.7 1.8 -0.7
v -0.7 1.9 0.6
v -0.7 1.9 0.5
v -0.7 1.9 0.4
v -0.7 1.9 0.3
v -0.7 1.9 -0.3
v -0.7 1.9 -0.4
v -0.7 1.9 -0.5
v -0.7 1.9 -0.6
v -0.7 2 0.5
v -0.7 2 0.4
v -0.7 2 0.3
v -0.7 2 -0.3
v -0.7 2 -0.5
v -0.7 2.1 0.3
v -0.7 2.1 -0.3
v -0.6 0.4 0.2
v -0.6 0.4 -0.2
v -0.6 0.5 0.5
v -0.6 0.5 0.3
v -0.6 0.5 0.2
v -0.6 0.5 -0.2
v -0.6 0.5 -0.3
v -0.6 0.5 -0.5
v -0.6 0.6 0.6
v -0.6 0.6 0.5
v -0.6 0.6 0.4
v -0.6 0.6 0.3
v -0.6 0.6 -0.3
v -0.6 0.6 -0.5
v -0.6 0.6 -0.6
v -0.6 0.7 0.7
v -0.6 0.7 0.6
v -0.6 0.7 0.5
v -0.6 0.7 -0.5
v -0.6 0.7 -0.6
v -0.6 0.7 -0.7
v -0.6 0.8 0.8
v -0.6 0.8 0.7
v -0.6 0.8 0.6
v -0.6 0.8 -0.6
v -0.6 0.8 -0.7
v -0.6 0.8 -0.8
v -0.6 0.9 -0.7
v -0.6 1 0.8
v -0.6 1 0.7
v -0.6 1 -0.7
v -0.6 1 -0.8
v -0.6 1.1 0.9
v -0.6 1.1 0.8
v -0.6 1.1 -0.8
v -0.6 1.1 -0.9
v -0.6 1.5 0.9
v -0.6 1.5 0.8
v -0.6 1.5 -0.8
v -0.6 1.5 -0.9
v -0.6 1.6 0.8
v -0.6 1.6 0.7
v -0.6 1.6 -0.7
v -0.6 1.6 -0.8
v -0.6 1.8 0.8
v -0.6 1.8 0.7
v -0.6 1.8 0.6
v -0.6 1.8 -0.6
v -0.6 1.8 -0.7
v -0.6 1.8 -0.8
v -0.6 1.9 0.7
v -0.6 1.9 0.6
v -0.6 1.9 0.5
v -0.6 1.9 -0.5
v -0.6 1.9 -0.6
v -0.6 1.9 -0.7
v -0.6 2 0.6
v -0.6 2 0.5
v -0.6 2 0.4
v -0.6 2 0.3
v -0.6 2 -0.3
v -0.6 2 -0.4
v -0.6 2 -0.5
v -0.6 2 -0.6
v -0.6 2.1 0.5
v -0.6 2.1 0.3
v -0.6 2.1 0.2
v -0.6 2.1 -0.2
v -0.6 2.1 -0.3
v -0.6 2.1 -0.4
v -0.6 2.1 -0.5
v -0.6 2.2 0.2
v -0.6 2.2 -0.2
v -0.5 0.4 0.4
v -0.5 0.4 0.2
v -0.5 0.4 -0.2
v -0.5 0.4 -0.4
v -0.5 0.5 0.6
v -0.5 0.5 0.5
v -0.5 0.5 0.4
v -0.5 0.5 0.2
v -0.5 0.5 -0.2
v -0.5 0.5 -0.4
v -0.5 0.5 -0.5
v -0.5 0.5 -0.6
v -0.5 0.6 0.7
v -0.5 0.6 0.6
v -0.5 0.6 0.5
v -0.5 0.6 -0.5
v -0.5 0.6 -0.6
v -0.5 0.6 -0.7
v -0.5 0.7 0.8
v -0.5 0.7 0.7
v -0.5 0.7 0.6
v -0.5 0.7 -0.6
v -0.5 0.7 -0.7
v -0.5 0.7 -0.8
v -0.5 0.8 0.8
v -0.5 0.8 0.7
v -0.5 0.8 -0.7
v -0.5 0.8 -0.8
v -0.5 0.9 0.9
v -0.5 0.9 0.8
v -0.5 0.9 -0.8
v -0.5 0.9 -0.9
v -0.5 1 -0.8
v -0.5 1 -0.9
v -0.5 1.1 0.9
v -0.5 1.1 0.8
v -0.5 1.1 -0.8
v -0.5 1.1 -0.9
v -0.5 1.5 0.9
v -0.5 1.5 0.8
v -0.5 1.5 -0.8
v -0.5 1.5 -0.9
v -0.5 1.7 0.9
v -0.5 1.7 0.8
v -0.5 1.7 -0.8
v -0.5 1.7 -0.9
v -0.5 1.8 0.8
v -0.5 1.8 0.7
v -0.5 1.8 -0.7
v -0.5 1.8 -0.8
v -0.5 1.9 0.8
v -0.5 1.9 0.7
v -0.5 1.9 0.6
v -0.5 1.9 -0.6
v -0.5 1.9 -0.7
v -0.5 1.9 -0.8
v -0.5 2 0.7
v -0.5 2 0.6
v -0.5 2 0.5
v -0.5 2 -0.5
v -0.5 2 -0.6
v -0.5 2 -0.7
v -0.5 2.1 0.6
v -0.5 2.1 0.5
v -0.5 2.1 0.4
v -0.5 2.1 0.2
v -0.5 2.1 -0.2
v -0.5 2.1 -0.4
v -0.5 2.1 -0.5
v -0.5 2.1 -0.6
v -0.5 2.2 0.4
v -0.5 2.2 0.2
v -0.5 2.2 -0.2
v -0.5 2.2 -0.4
v -0.5 2.8 0.7
v -0.5 2.8 0.6
v -0.5 2.8 0.5
v -0.5 2.8 0.4
v -0.5 2.9 0.6
v -0.5 2.9 0.5
v -0.5 2.9 0.4
v -0.5 2.9 0.3
v -0.5 3 0.7
v -0.5 3 0.5
v -0.5 3 0.4
v -0.5 3.1 0.4
v -0.5 3.1 0.3
v -0.4 0.3 0.2
v -0.4 0.3 -0.2
v -0.4 0.4 0.5
v -0.4 0.4 0.4
v -0.4 0.4 0.2
v -0.4 0.4 -0.2
v -0.4 0.4 -0.4
v -0.4 0.4 -0.5
v -0.4 0.5 0.5
v -0.4 0.5 0.4
v -0.4 0.5 -0.4
v -0.4 0.5 -0.5
v -0.4 0.8 0.9
v -0.4 0.8 0.8
v -0.4 0.8 -0.8
v -0.4 0.8 -0.9
v -0.4 0.9 0.9
v -0.4 0.9 0.8
v -0.4 0.9 -0.8
v -0.4 0.9 -0.9
v -0.4 1.1 1
v -0.4 1.1 0.9
v -0.4 1.1 -0.9
v -0.4 1.1 -1
v -0.4 1.2 -0.9
v -0.4 1.3 -0.9
v -0.4 1.3 -1
v -0.4 1.5 1
v -0.4 1.5 0.9
v -0.4 1.5 -0.9
v -0.4 1.5 -1
v -0.4 1.7 0.9
v -0.4 1.7 0.8
v -0.4 1.7 -0.8
v -0.4 1.7 -0.9
v -0.4 1.8 0.9
v -0.4 1.8 0.8
v -0.4 1.8 -0.8
v -0.4 1.8 -0.9
v -0.4 2.1 0.5
v -0.4 2.1 0.4
v -0.4 2.1 -0.4
v -0.4 2.1 -0.5
v -0.4 2.2 0.5
v -0.4 2.2 0.4
v -0.4 2.2 0.2
v -0.4 2.2 -0.2
v -0.4 2.2 -0.4
v -0.4 2.2 -0.5
v -0.4 2.3 0.2
v -0.4 2.3 -0.2
v -0.4 2.7 0.8
v -0.4 2.7 0.7
v -0.4 2.7 0.6
v -0.4 2.8 0.7
v -0.4 2.8 0.6
v -0.4 2.9 0.8
v -0.4 2.9 0.7
v -0.4 2.9 0.3
v -0.4 2.9 0.2
v -0.4 3 0.3
v -0.4 3 0.2
v -0.4 3.1 0.3
v -0.4 3.1 0.2
v -0.3 0.3 0.3
v -0.3 0.3 0.2
v -0.3 0.3 -0.2
v -0.3 0.3 -0.3
v -0.3 0.4 0.3
v -0.3 0.4 0.2
v -0.3 0.4 -0.2
v -0.3 0.4 -0.3
v -0.3 0.5 0.7
v -0.3 0.5 0.6
v -0.3 0.5 -0.6
v -0.3 0.5 -0.7
v -0.3 0.6 0.8
v -0.3 0.6 0.7
v -0.3 0.6 0.6
v -0.3 0.6 -0.6
v -0.3 0.6 -0.7
v -0.3 0.6 -0.8
v -0.3 0.7 0.8
v -0.3 0.7 0.7
v -0.3 0.7 -0.7
v -0.3 0.7 -0.8
v -0.3 1 1
v -0.3 1 0.9
v -0.3 1 -0.9
v -0.3 1 -1
v -0.3 1.1 1
v -0.3 1.1 0.9
v -0.3 1.1 -0.9
v -0.3 1.1 -1
v -0.3 1.5 1
v -0.3 1.5 0.9
v -0.3 1.5 -0.9
v -0.3 1.5 -1
v -0.3 1.6 1
v -0.3 1.6 0.9
v -0.3 1.6 -0.9
v -0.3 1.6 -1
v -0.3 1.9 0.8
v -0.3 1.9 0.7
v -0.3 1.9 -0.7
v -0.3 1.9 -0.8
v -0.3 2 0.8
v -0.3 2 0.7
v -0.3 2 0.6
v -0.3 2 -0.6
v -0.3 2 -0.7
v -0.3 2 -0.8
v -0.3 2.1 0.7
v -0.3 2.1 0.6
v -0.3 2.1 -0.6
v -0.3 2.1 -0.7
v -0.3 2.2 0.3
v -0.3 2.2 0.2
v -0.3 2.2 -0.2
v -0.3 2.2 -0.3
v -0.3 2.3 0.3
v -0.3 2.3 0.2
v -0.3 2.3 -0.2
v -0.3 2.3 -0.3
v -0.3 2.6 0.9
v -0.3 2.6 0.8
v -0.3 2.7 1.1
v -0.3 2.7 1
v -0.3 2.7 0.9
v -0.3 2.7 0.8
v -0.3 2.8 0.9
v -0.3 2.8 0.8
v -0.3 2.9 1.1
v -0.3 2.9 1
v -0.3 2.9 0.9
v -0.3 2.9 0.2
v -0.3 2.9 0.1
v -0.3 3 0.2
v -0.3 3 0.1
v -0.3 3.1 0.2
v -0.3 3.1 0.1
v -0.2 0.3 0.4
v -0.2 0.3 0.3
v -0.2 0.3 -0.3
v -0.2 0.3 -0.4
v -0.2 0.4 0.6
v -0.2 0.4 0.5
v -0.2 0.4 0.4
v -0.2 0.4 0.3
v -0.2 0.4 -0.3
v -0.2 0.4 -0.4
v -0.2 0.4 -0.5
v -0.2 0.4 -0.6
v -0.2 0.5 0.6
v -0.2 0.5 0.5
v -0.2 0.5 -0.5
v -0.2 0.5 -0.6
v -0.2 0.7 0.9
v -0.2 0.7 0.8
v -0.2 0.7 -0.8
v -0.2 0.7 -0.9
v -0.2 0.8 0.9
v -0.2 0.8 0.8
v -0.2 0.8 -0.8
v -0.2 0.8 -0.9
v -0.2 0.9 1
v -0.2 0.9 0.9
v -0.2 0.9 -0.9
v -0.2 0.9 -1
v -0.2 1 1
v -0.2 1 0.9
v -0.2 1 -0.9
v -0.2 1 -1
v -0.2 1.6 1
v -0.2 1.6 0.9
v -0.2 1.6 -0.9
v -0.2 1.6 -1
v -0.2 1.7 1
v -0.2 1.7 0.9
v -0.2 1.7 -0.9
v -0.2 1.7 -1
v -0.2 1.8 0.9
v -0.2 1.8 0.8
v -0.2 1.8 -0.8
v -0.2 1.8 -0.9
v -0.2 1.9 0.9
v -0.2 1.9 0.8
v -0.2 1.9 -0.8
v -0.2 1.9 -0.9
v -0.2 2.1 0.6
v -0.2 2.1 0.5
v -0.2 2.1 -0.5
v -0.2 2.1 -0.6
v -0.2 2.2 0.6
v -0.2 2.2 0.5
v -0.2 2.2 0.4
v -0.2 2.2 0.3
v -0.2 2.2 -0.3
v -0.2 2.2 -0.4
v -0.2 2.2 -0.5
v -0.2 2.2 -0.6
v -0.2 2.3 0.4
v -0.2 2.3 0.3
v -0.2 2.3 -0.3
v -0.2 2.3 -0.4
v -0.2 2.6 1
v -0.2 2.6 0.9
v -0.2 2.7 1
v -0.2 2.7 0.9
v -0.2 2.7 0.1
v -0.2 2.7 0
v -0.2 2.8 0.2
v -0.2 2.8 0.1
v -0.2 2.9 0.2
v -0.2 2.9 0.1
v -0.2 3 0.1
v -0.2 3 0
v -0.0999999 2.3 0.1
v -0.0999999 2.3 0
v -0.0999999 2.3 -0.1
v -0.0999999 2.4 0
v -0.0999999 2.4 -0.1
v -0.0999999 2.6 0.1
v -0.0999999 2.6 0
v -0.0999999 2.7 0.2
v -0.0999999 2.7 0.1
v -0.0999999 2.7 0
v -0.0999999 2.7 -0.1
v -0.0999999 2.8 0.2
v -0.0999999 2.8 0.1
v -0.0999999 2.8 0
v -0.0999999 2.8 -0.1
v -0.3 2.8 0.6
v -0.3 2.8 0.4
v -0.3 2.9 0.7
v -0.3 2.9 0.6
v -0.3 2.9 0.4
v -0.3 3 0.7
v -0.3 3 0.4
v -0.2 2.7 0.7
v -0.2 2.7 0.6
v -0.2 2.8 0.8
v -0.2 2.8 0.7
v -0.2 2.9 0.8
v -0.2 2.9 0.6
v -0.2 2.9 0.4
v -0.2 2.9 0.3
v -0.2 3 0.4
v -0.2 3 0.3
v -0.2 3.1 0.4
v -0.2 3.1 0.3
v -0.0999999 2.6 1
v -0.0999999 2.6 0.8
v -0.0999999 2.7 1.1
v -0.0999999 2.7 1
v -0.0999999 2.7 0.9
v -0.0999999 2.7 0.8
v -0.0999999 2.7 0.7
v -0.0999999 2.8 1.1
v -0.0999999 2.8 1
v -0.0999999 2.8 0.9
v -0.0999999 2.8 0.8
v -0.0999999 2.8 0.7
v -0.0999999 2.9 1.1
v -0.0999999 2.9 1
v -0.0999999 2.9 0.9
v -0.0999999 2.9 0.3
v -0.0999999 2.9 0.2
v -0.0999999 3 0.2
v -0.0999999 3 0.1
v -0.0999999 3.1 0.3
v -0.0999999 3.1 0.2
v -0.0999999 3.1 0.1
v 1.19209e-07 2.7 0.2
v 1.19209e-07 2.7 0.1
v 1.19209e-07 2.8 0.1
v 1.19209e-07 2.8 0
v 1.19209e-07 2.9 0.2
v 1.19209e-07 2.9 0.1
v 1.19209e-07 2.9 0
v 1.19209e-07 3 0.2
v 1.19209e-07 3 0.1
v 1.19209e-07 3 0
v 0.1 2.3 0.1
v 0.1 2.3 -0.1
v 0.1 2.4 0
v 0.1 2.4 -0.1
v 0.1 2.5 0.1
v 0.1 2.5 0
v 0.1 2.5 -0.1
v 0.1 2.6 0.1
v 0.1 2.6 0
v 0.1 2.8 0.1
v 0.1 2.8 -0.1
v 0.2 0.3 0.4
v 0.2 0.3 0.3
v 0.2 0.3 -0.3
v 0.2 0.3 -0.4
v 0.2 0.4 0.6
v 0.2 0.4 0.5
v 0.2 0.4 0.4
v 0.2 0.4 0.3
v 0.2 0.4 -0.3
v 0.2 0.4 -0.4
v 0.2 0.4 -0.5
v 0.2 0.4 -0.6
v 0.2 0.5 0.6
v 0.2 0.5 0.5
v 0.2 0.5 -0.5
v 0.2 0.5 -0.6
v 0.2 0.7 0.9
v 0.2 0.7 0.8
v 0.2 0.7 -0.8
v 0.2 0.7 -0.9
v 0.2 0.8 0.9
v 0.2 0.8 0.8
v 0.2 0.8 -0.8
v 0.2 0.8 -0.9
v 0.2 0.9 1
v 0.2 0.9 0.9
v 0.2 0.9 -0.9
v 0.2 0.9 -1
v 0.2 1 1
v 0.2 1 0.9
v 0.2 1 -0.9
v 0.2 1 -1
v 0.2 1.6 1
v 0.2 1.6 0.9
v 0.2 1.6 -0.9
v 0.2 1.6 -1
v 0.2 1.7 1
v 0.2 1.7 0.9
v 0.2 1.7 -0.9
v 0.2 1.7 -1
v 0.2 1.8 0.9
v 0.2 1.8 0.8
v 0.2 1.8 -0.8
v 0.2 1.8 -0.9
v 0.2 1.9 0.9
v 0.2 1.9 0.8
v 0.2 1.9 -0.8
v 0.2 1.9 -0.9
v 0.2 2.1 0.6
v 0.2 2.1 0.5
v 0.2 2.1 -0.5
v 0.2 2.1 -0.6
v 0.2 2.2 0.6
v 0.2 2.2 0.5
v 0.2 2.2 0.4
v 0.2 2.2 0.3
v 0.2 2.2 -0.3
v 0.2 2.2 -0.4
v 0.2 2.2 -0.5
v 0.2 2.2 -0.6
v 0.2 2.3 0.4
v 0.2 2.3 0.3
v 0.2 2.3 -0.3
v 0.2 2.3 -0.4
v 0.3 0.3 0.3
v 0.3 0.3 0.2
v 0.3 0.3 -0.2
v 0.3 0.3 -0.3
v 0.3 0.4 0.3
v 0.3 0.4 0.2
v 0.3 0.4 -0.2
v 0.3 0.4 -0.3
v 0.3 0.5 0.7
v 0.3 0.5 0.6
v 0.3 0.5 -0.6
v 0.3 0.5 -0.7
v 0.3 0.6 0.8
v 0.3 0.6 0.7
v 0.3 0.6 0.6
v 0.3 0.6 -0.6
v 0.3 0.6 -0.7
v 0.3 0.6 -0.8
v 0.3 0.7 0.8
v 0.3 0.7 0.7
v 0.3 0.7 -0.7
v 0.3 0.7 -0.8
v 0.3 1 1
v 0.3 1 0.9
v 0.3 1 -0.9
v 0.3 1 -1
v 0.3 1.1 1
v 0.3 1.1 0.9
v 0.3 1.1 -0.9
v 0.3 1.1 -1
v 0.3 1.5 1
v 0.3 1.5 0.9
v 0.3 1.5 -0.9
v 0.3 1.5 -1
v 0.3 1.6 1
v 0.3 1.6 0.9
v 0.3 1.6 -0.9
v 0.3 1.6 -1
v 0.3 1.9 0.8
v 0.3 1.9 0.7
v 0.3 1.9 -0.7
v 0.3 1.9 -0.8
v 0.3 2 0.8
v 0.3 2 0.7
v 0.3 2 0.6
v 0.3 2 -0.6
v 0.3 2 -0.7
v 0.3 2 -0.8
v 0.3 2.1 0.7
v 0.3 2.1 0.6
v 0.3 2.1 -0.6
v 0.3 2.1 -0.7
v 0.3 2.2 0.3
v 0.3 2.2 0.2
v 0.3 2.2 -0.2
v 0.3 2.2 -0.3
v 0.3 2.3 0.3
v 0.3 2.3 0.2
v 0.3 2.3 -0.2
v 0.3 2.3 -0.3
v 0.4 0.3 0.2
v 0.4 0.3 -0.2
v 0.4 0.4 0.5
v 0.4 0.4 0.4
v 0.4 0.4 0.2
v 0.4 0.4 -0.2
v 0.4 0.4 -0.4
v 0.4 0.4 -0.5
v 0.4 0.5 0.5
v 0.4 0.5 0.4
v 0.4 0.5 -0.4
v 0.4 0.5 -0.5
v 0.4 0.8 0.9
v 0.4 0.8 0.8
v 0.4 0.8 -0.8
v 0.4 0.8 -0.9
v 0.4 0.9 0.9
v 0.4 0.9 0.8
v 0.4 0.9 -0.8
v 0.4 0.9 -0.9
v 0.4 1.1 1
v 0.4 1.1 0.9
v 0.4 1.1 -0.9
v 0.4 1.1 -1
v 0.4 1.2 1
v 0.4 1.2 0.9
v 0.4 1.5 1
v 0.4 1.5 0.9
v 0.4 1.5 -0.9
v 0.4 1.5 -1
v 0.4 1.7 0.9
v 0.4 1.7 0.8
v 0.4 1.7 -0.8
v 0.4 1.7 -0.9
v 0.4 1.8 0.9
v 0.4 1.8 0.8
v 0.4 1.8 -0.8
v 0.4 1.8 -0.9
v 0.4 2.1 0.5
v 0.4 2.1 0.4
v 0.4 2.1 -0.4
v 0.4 2.1 -0.5
v 0.4 2.2 0.5
v 0.4 2.2 0.4
v 0.4 2.2 0.2
v 0.4 2.2 -0.2
v 0.4 2.2 -0.4
v 0.4 2.2 -0.5
v 0.4 2.3 0.2
v 0.4 2.3 -0.2
v 0.5 0.4 0.4
v 0.5 0.4 0.2
v 0.5 0.4 -0.2
v 0.5 0.4 -0.4
v 0.5 0.5 0.6
v 0.5 0.5 0.5
v 0.5 0.5 0.4
v 0.5 0.5 0.2
v 0.5 0.5 -0.2
v 0.5 0.5 -0.4
v 0.5 0.5 -0.5
v 0.5 0.5 -0.6
v 0.5 0.6 0.7
v 0.5 0.6 0.6
v 0.5 0.6 0.5
v 0.5 0.6 -0.5
v 0.5 0.6 -0.6
v 0.5 0.6 -0.7
v 0.5 0.7 0.8
v 0.5 0.7 0.7
v 0.5 0.7 0.6
v 0.5 0.7 -0.6
v 0.5 0.7 -0.7
v 0.5 0.7 -0.8
v 0.5 0.8 0.8
v 0.5 0.8 0.7
v 0.5 0.8 -0.7
v 0.5 0.8 -0.8
v 0.5 0.9 0.9
v 0.5 0.9 0.8
v 0.5 0.9 -0.8
v 0.5 0.9 -0.9
v 0.5 1 -0.8
v 0.5 1 -0.9
v 0.5 1.1 0.9
v 0.5 1.1 0.8
v 0.5 1.1 -0.8
v 0.5 1.1 -0.9
v 0.5 1.5 0.9
v 0.5 1.5 0.8
v 0.5 1.5 -0.8
v 0.5 1.5 -0.9
v 0.5 1.7 0.9
v 0.5 1.7 0.8
v 0.5 1.7 -0.8
v 0.5 1.7 -0.9
v 0.5 1.8 0.8
v 0.5 1.8 0.7
v 0.5 1.8 -0.7
v 0.5 1.8 -0.8
v 0.5 1.9 0.8
v 0.5 1.9 0.7
v 0.5 1.9 0.6
v 0.5 1.9 -0.6
v 0.5 1.9 -0.7
v 0.5 1.9 -0.8
v 0.5 2 0.7
v 0.5 2 0.6
v 0.5 2 0.5
v 0.5 2 -0.5
v 0.5 2 -0.6
v 0.5 2 -0.7
v 0.5 2.1 0.6
v 0.5 2.1 0.5
v 0.5 2.1 0.4
v 0.5 2.1 0.2
v 0.5 2.1 -0.2
v 0.5 2.1 -0.4
v 0.5 2.1 -0.5
v 0.5 2.1 -0.6
v 0.5 2.2 0.4
v 0.5 2.2 0.2
v 0.5 2.2 -0.2
v 0.5 2.2 -0.4
v 0.6 0.4 0.2
v 0.6 0.4 -0.2
v 0.6 0.5 0.5
v 0.6 0.5 0.3
v 0.6 0.5 0.2
v 0.6 0.5 -0.2
v 0.6 0.5 -0.3
v 0.6 0.5 -0.5
v 0.6 0.6 0.6
v 0.6 0.6 0.5
v 0.6 0.6 0.3
v 0.6 0.6 -0.3
v 0.6 0.6 -0.5
v 0.6 0.6 -0.6
v 0.6 0.7 0.7
v 0.6 0.7 0.6
v 0.6 0.7 0.5
v 0.6 0.7 -0.5
v 0.6 0.7 -0.6
v 0.6 0.7 -0.7
v 0.6 0.8 0.8
v 0.6 0.8 0.7
v 0.6 0.8 0.6
v 0.6 0.8 -0.6
v 0.6 0.8 -0.7
v 0.6 0.8 -0.8
v 0.6 0.9 0.8
v 0.6 0.9 0.7
v 0.6 0.9 -0.7
v 0.6 0.9 -0.8
v 0.6 1 0.8
v 0.6 1 0.7
v 0.6 1 -0.7
v 0.6 1 -0.8
v 0.6 1.1 0.9
v 0.6 1.1 0.8
v 0.6 1.1 -0.8
v 0.6 1.1 -0.9
v 0.6 1.5 0.9
v 0.6 1.5 0.8
v 0.6 1.5 -0.8
v 0.6 1.5 -0.9
v 0.6 1.6 0.8
v 0.6 1.6 0.7
v 0.6 1.6 -0.7
v 0.6 1.6 -0.8
v 0.6 1.8 0.8
v 0.6 1.8 0.7
v 0.6 1.8 0.6
v 0.6 1.8 -0.6
v 0.6 1.8 -0.7
v 0.6 1.8 -0.8
v 0.6 1.9 0.7
v 0.6 1.9 0.6
v 0.6 1.9 0.5
v 0.6 1.9 -0.5
v 0.6 1.9 -0.6
v 0.6 1.9 -0.7
v 0.6 2 0.6
v 0.6 2 0.5
v 0.6 2 0.3
v 0.6 2 -0.3
v 0.6 2 -0.4
v 0.6 2 -0.5
v 0.6 2 -0.6
v 0.6 2.1 0.5
v 0.6 2.1 0.3
v 0.6 2.1 0.2
v 0.6 2.1 -0.2
v 0.6 2.1 -0.3
v 0.6 2.1 -0.5
v 0.6 2.2 0.2
v 0.6 2.2 -0.2
v 0.7 0.5 0.3
v 0.7 0.5 -0.3
v 0.7 0.6 0.5
v 0.7 0.6 0.3
v 0.7 0.6 -0.3
v 0.7 0.6 -0.5
v 0.7 0.7 0.6
v 0.7 0.7 0.5
v 0.7 0.7 0.3
v 0.7 0.7 -0.3
v 0.7 0.7 -0.4
v 0.7 0.7 -0.5
v 0.7 0.7 -0.6
v 0.7 0.8 0.7
v 0.7 0.8 0.6
v 0.7 0.8 0.5
v 0.7 0.8 -0.5
v 0.7 0.8 -0.6
v 0.7 0.8 -0.7
v 0.7 0.9 -0.6
v 0.7 0.9 -0.7
v 0.7 1 0.8
v 0.7 1 0.7
v 0.7 1 0.6
v 0.7 1 -0.6
v 0.7 1 -0.7
v 0.7 1 -0.8
v 0.7 1.6 0.8
v 0.7 1.6 0.7
v 0.7 1.6 0.6
v 0.7 1.6 -0.6
v 0.7 1.6 -0.7
v 0.7 1.6 -0.8
v 0.7 1.8 0.7
v 0.7 1.8 0.6
v 0.7 1.8 0.5
v 0.7 1.8 -0.5
v 0.7 1.8 -0.6
v 0.7 1.8 -0.7
v 0.7 1.9 0.6
v 0.7 1.9 0.5
v 0.7 1.9 0.3
v 0.7 1.9 -0.3
v 0.7 1.9 -0.4
v 0.7 1.9 -0.5
v 0.7 1.9 -0.6
v 0.7 2 0.5
v 0.7 2 0.3
v 0.7 2 0.2
v 0.7 2 -0.3
v 0.7 2 -0.4
v 0.7 2 -0.5
v 0.7 2.1 0.3
v 0.7 2.1 0.2
v 0.7 2.1 -0.3
v 0.8 0.6 0.3
v 0.8 0.6 -0.3
v 0.8 0.7 0.5
v 0.8 0.7 0.3
v 0.8 0.7 0.2
v 0.8 0.7 -0.2
v 0.8 0.7 -0.3
v 0.8 0.7 -0.4
v 0.8 0.7 -0.5
v 0.8 0.8 0.6
v 0.8 0.8 0.5
v 0.8 0.8 0.4
v 0.8 0.8 0.2
v 0.8 0.8 -0.2
v 0.8 0.8 -0.4
v 0.8 0.8 -0.5
v 0.8 0.8 -0.6
v 0.8 0.9 0.5
v 0.8 0.9 0.4
v 0.8 0.9 -0.4
v 0.8 0.9 -0.5
v 0.8 1 0.7
v 0.8 1 0.6
v 0.8 1 -0.6
v 0.8 1 -0.7
v 0.8 1.1 0.6
v 0.8 1.1 0.5
v 0.8 1.1 -0.5
v 0.8 1.1 -0.6
v 0.8 1.5 0.6
v 0.8 1.5 0.5
v 0.8 1.5 -0.5
v 0.8 1.5 -0.6
v 0.8 1.6 0.7
v 0.8 1.6 0.6
v 0.8 1.6 -0.6
v 0.8 1.6 -0.7
v 0.8 1.7 0.5
v 0.8 1.7 0.4
v 0.8 1.7 -0.4
v 0.8 1.7 -0.5
v 0.8 1.8 0.6
v 0.8 1.8 0.5
v 0.8 1.8 0.4
v 0.8 1.8 0.3
v 0.8 1.8 0.2
v 0.8 1.8 -0.2
v 0.8 1.8 -0.4
v 0.8 1.8 -0.5
v 0.8 1.8 -0.6
v 0.8 1.9 0.5
v 0.8 1.9 0.3
v 0.8 1.9 0.2
v 0.8 1.9 -0.2
v 0.8 1.9 -0.3
v 0.8 1.9 -0.5
v 0.8 2 0.3
v 0.8 2 -0.3
v 0.9 0.7 0.2
v 0.9 0.7 -0.2
v 0.9 0.8 0.4
v 0.9 0.8 0.2
v 0.9 0.8 -0.2
v 0.9 0.8 -0.4
v 0.9 0.9 0.5
v 0.9 0.9 0.4
v 0.9 0.9 0.2
v 0.9 0.9 -0.1
v 0.9 0.9 -0.2
v 0.9 0.9 -0.3
v 0.9 0.9 -0.4
v 0.9 0.9 -0.5
v 0.9 1 0.3
v 0.9 1 0.2
v 0.9 1 -0.2
v 0.9 1 -0.3
v 0.9 1.1 0.6
v 0.9 1.1 0.5
v 0.9 1.1 0.4
v 0.9 1.1 0.3
v 0.9 1.1 -0.3
v 0.9 1.1 -0.4
v 0.9 1.1 -0.5
v 0.9 1.1 -0.6
v 0.9 1.5 0.6
v 0.9 1.5 0.5
v 0.9 1.5 0.4
v 0.9 1.5 0.3
v 0.9 1.5 -0.3
v 0.9 1.5 -0.4
v 0.9 1.5 -0.5
v 0.9 1.5 -0.6
v 0.9 1.6 0.3
v 0.9 1.6 0.2
v 0.9 1.6 -0.2
v 0.9 1.6 -0.3
v 0.9 1.7 0.5
v 0.9 1.7 0.4
v 0.9 1.7 0.2
v 0.9 1.7 0.1
v 0.9 1.7 -0.2
v 0.9 1.7 -0.4
v 0.9 1.7 -0.5
v 0.9 1.8 0.4
v 0.9 1.8 0.2
v 0.9 1.8 0.1
v 0.9 1.8 -0.2
v 0.9 1.8 -0.4
v 0.9 1.9 0.2
v 0.9 1.9 -0.2
v 1 0.9 0.2
v 1 0.9 -0.1
v 1 0.9 -0.2
v 1 1 0.3
v 1 1 0.2
v 1 1 -0.2
v 1 1 -0.3
v 1 1.1 0.4
v 1 1.1 0.3
v 1 1.1 -0.1
v 1 1.1 -0.3
v 1 1.1 -0.4
v 1 1.2 0.1
v 1 1.2 -0.1
v 1 1.3 0.2
v 1 1.3 0.1
v 1 1.4 0.3
v 1 1.4 0.2
v 1 1.4 0
v 1 1.4 -0.1
v 1 1.5 0.4
v 1 1.5 0.3
v 1 1.5 -0.3
v 1 1.5 -0.4
v 1 1.6 0.3
v 1 1.6 0.2
v 1 1.6 0.1
v 1 1.6 0
v 1 1.6 -0.2
v 1 1.6 -0.3
v 1 1.7 0.2
v 1 1.7 0.1
v 1 1.7 -0.2
v -0.3 2.7 1.1
v -0.3 2.9 1.1
v -0.2 2.8 1.1
v -0.2 2.9 1.1
v -0.0999999 2.7 1.1
v -0.0999999 2.8 1.1
v -0.0999999 2.9 1.1
v -0.4 1.1 1
v -0.4 1.5 1
v -0.3 1 1
v -0.3 1.1 1
v -0.3 1.2 1
v -0.3 1.5 1
v -0.3 1.6 1
v -0.2 0.9 1
v -0.2 1 1
v -0.2 1.2 1
v -0.2 1.4 1
v -0.2 1.6 1
v -0.2 1.7 1
v -0.2 2.6 1
v -0.2 2.7 1
v -0.0999999 1.2 1
v -0.0999999 1.3 1
v -0.0999999 1.4 1
v -0.0999999 1.5 1
v -0.0999999 1.6 1
v -0.0999999 2.6 1
v -0.0999999 2.7 1
v 1.19209e-07 1.5 1
v 1.19209e-07 1.6 1
v 0.1 1.2 1
v 0.1 1.3 1
v 0.1 1.6 1
v 0.1 1.7 1
v 0.2 0.9 1
v 0.2 1 1
v 0.2 1.1 1
v 0.2 1.2 1
v 0.2 1.6 1
v 0.2 1.7 1
v 0.3 1 1
v 0.3 1.1 1
v 0.3 1.2 1
v 0.3 1.3 1
v 0.3 1.5 1
v 0.3 1.6 1
v 0.4 1.1 1
v 0.4 1.2 1
v 0.4 1.5 1
v -0.6 1.1 0.9
v -0.6 1.5 0.9
v -0.5 0.9 0.9
v -0.5 1.1 0.9
v -0.5 1.5 0.9
v -0.5 1.7 0.9
v -0.4 0.8 0.9
v -0.4 0.9 0.9
v -0.4 1.1 0.9
v -0.4 1.5 0.9
v -0.4 1.6 0.9
v -0.4 1.7 0.9
v -0.4 1.8 0.9
v -0.3 0.9 0.9
v -0.3 1 0.9
v -0.3 1.1 0.9
v -0.3 1.5 0.9
v -0.3 1.6 0.9
v -0.3 1.7 0.9
v -0.3 1.8 0.9
v -0.3 2.6 0.9
v -0.3 2.7 0.9
v -0.2 0.7 0.9
v -0.2 0.8 0.9
v -0.2 0.9 0.9
v -0.2 1 0.9
v -0.2 1.6 0.9
v -0.2 1.7 0.9
v -0.2 1.8 0.9
v -0.2 1.9 0.9
v -0.2 2.6 0.9
v -0.2 2.7 0.9
v 0.1 1.7 0.9
v 0.1 1.8 0.9
v 0.2 0.7 0.9
v 0.2 0.8 0.9
v 0.2 0.9 0.9
v 0.2 1 0.9
v 0.2 1.6 0.9
v 0.2 1.7 0.9
v 0.2 1.8 0.9
v 0.2 1.9 0.9
v 0.3 1 0.9
v 0.3 1.1 0.9
v 0.3 1.5 0.9
v 0.3 1.6 0.9
v 0.4 0.8 0.9
v 0.4 0.9 0.9
v 0.4 1 0.9
v 0.4 1.1 0.9
v 0.4 1.2 0.9
v 0.4 1.5 0.9
v 0.4 1.7 0.9
v 0.4 1.8 0.9
v 0.5 0.9 0.9
v 0.5 1.1 0.9
v 0.5 1.5 0.9
v 0.5 1.7 0.9
v 0.6 1.1 0.9
v 0.6 1.5 0.9
v -0.7 1 0.8
v -0.7 1.6 0.8
v -0.6 0.8 0.8
v -0.6 1 0.8
v -0.6 1.1 0.8
v -0.6 1.5 0.8
v -0.6 1.6 0.8
v -0.6 1.8 0.8
v -0.5 0.7 0.8
v -0.5 0.8 0.8
v -0.5 0.9 0.8
v -0.5 1.1 0.8
v -0.5 1.5 0.8
v -0.5 1.7 0.8
v -0.5 1.8 0.8
v -0.5 1.9 0.8
v -0.4 0.7 0.8
v -0.4 0.8 0.8
v -0.4 0.9 0.8
v -0.4 1.7 0.8
v -0.4 1.8 0.8
v -0.4 1.9 0.8
v -0.4 2.7 0.8
v -0.4 2.9 0.8
v -0.3 0.6 0.8
v -0.3 0.7 0.8
v -0.3 1.8 0.8
v -0.3 1.9 0.8
v -0.3 2 0.8
v -0.3 2.7 0.8
v -0.3 2.8 0.8
v -0.2 0.7 0.8
v -0.2 0.8 0.8
v -0.2 1.8 0.8
v -0.2 1.9 0.8
v -0.2 2.8 0.8
v -0.2 2.9 0.8
v 0.2 0.7 0.8
v 0.2 0.8 0.8
v 0.2 1.8 0.8
v 0.2 1.9 0.8
v 0.3 0.6 0.8
v 0.3 0.7 0.8
v 0.3 1.8 0.8
v 0.3 1.9 0.8
v 0.3 2 0.8
v 0.4 0.8 0.8
v 0.4 0.9 0.8
v 0.4 1.7 0.8
v 0.4 1.8 0.8
v 0.5 0.7 0.8
v 0.5 0.8 0.8
v 0.5 0.9 0.8
v 0.5 1.1 0.8
v 0.5 1.5 0.8
v 0.5 1.7 0.8
v 0.5 1.8 0.8
v 0.5 1.9 0.8
v 0.6 0.8 0.8
v 0.6 0.9 0.8
v 0.6 1 0.8
v 0.6 1.1 0.8
v 0.6 1.5 0.8
v 0.6 1.6 0.8
v 0.6 1.8 0.8
v 0.7 1 0.8
v 0.7 1.6 0.8
v -0.8 1 0.7
v -0.8 1.6 0.7
v -0.7 0.8 0.7
v -0.7 1 0.7
v -0.7 1.6 0.7
v -0.7 1.8 0.7
v -0.6 0.7 0.7
v -0.6 0.8 0.7
v -0.6 1 0.7
v -0.6 1.6 0.7
v -0.6 1.8 0.7
v -0.6 1.9 0.7
v -0.5 0.6 0.7
v -0.5 0.7 0.7
v -0.5 0.8 0.7
v -0.5 1.8 0.7
v -0.5 1.9 0.7
v -0.5 2 0.7
v -0.5 2.8 0.7
v -0.5 3 0.7
v -0.4 0.7 0.7
v -0.4 1.9 0.7
v -0.4 2.8 0.7
v -0.4 2.9 0.7
v -0.3 0.5 0.7
v -0.3 0.6 0.7
v -0.3 0.7 0.7
v -0.3 1.9 0.7
v -0.3 2 0.7
v -0.3 2.1 0.7
v -0.3 2.9 0.7
v -0.3 3 0.7
v 0.3 0.5 0.7
v 0.3 0.6 0.7
v 0.3 0.7 0.7
v 0.3 1.9 0.7
v 0.3 2 0.7
v 0.3 2.1 0.7
v 0.4 1.9 0.7
v 0.4 2 0.7
v 0.5 0.6 0.7
v 0.5 0.7 0.7
v 0.5 0.8 0.7
v 0.5 1.8 0.7
v 0.5 1.9 0.7
v 0.5 2 0.7
v 0.6 0.7 0.7
v 0.6 0.8 0.7
v 0.6 0.9 0.7
v 0.6 1 0.7
v 0.6 1.6 0.7
v 0.6 1.8 0.7
v 0.6 1.9 0.7
v 0.7 0.8 0.7
v 0.7 1 0.7
v 0.7 1.6 0.7
v 0.7 1.8 0.7
v 0.8 1 0.7
v 0.8 1.6 0.7
v -0.9 1.1 0.6
v -0.9 1.5 0.6
v -0.8 0.8 0.6
v -0.8 1 0.6
v -0.8 1.1 0.6
v -0.8 1.5 0.6
v -0.8 1.6 0.6
v -0.8 1.8 0.6
v -0.7 0.7 0.6
v -0.7 0.8 0.6
v -0.7 1 0.6
v -0.7 1.6 0.6
v -0.7 1.8 0.6
v -0.7 1.9 0.6
v -0.6 0.6 0.6
v -0.6 0.7 0.6
v -0.6 0.8 0.6
v -0.6 1.8 0.6
v -0.6 1.9 0.6
v -0.6 2 0.6
v -0.5 0.5 0.6
v -0.5 0.6 0.6
v -0.5 0.7 0.6
v -0.5 1.9 0.6
v -0.5 2 0.6
v -0.5 2.1 0.6
v -0.3 0.5 0.6
v -0.3 0.6 0.6
v -0.3 2 0.6
v -0.3 2.1 0.6
v -0.2 0.4 0.6
v -0.2 0.5 0.6
v -0.2 2.1 0.6
v -0.2 2.2 0.6
v 0.2 0.4 0.6
v 0.2 0.5 0.6
v 0.2 2.1 0.6
v 0.2 2.2 0.6
v 0.3 0.5 0.6
v 0.3 0.6 0.6
v 0.3 2 0.6
v 0.3 2.1 0.6
v 0.4 2 0.6
v 0.5 0.5 0.6
v 0.5 0.6 0.6
v 0.5 0.7 0.6
v 0.5 1.9 0.6
v 0.5 2 0.6
v 0.5 2.1 0.6
v 0.6 0.6 0.6
v 0.6 0.7 0.6
v 0.6 0.8 0.6
v 0.6 1.8 0.6
v 0.6 1.9 0.6
v 0.6 2 0.6
v 0.7 0.7 0.6
v 0.7 0.8 0.6
v 0.7 1 0.6
v 0.7 1.6 0.6
v 0.7 1.8 0.6
v 0.7 1.9 0.6
v 0.8 0.8 0.6
v 0.8 1 0.6
v 0.8 1.1 0.6
v 0.8 1.5 0.6
v 0.8 1.6 0.6
v 0.8 1.8 0.6
v 0.9 1.1 0.6
v 0.9 1.5 0.6
v -0.9 0.9 0.5
v -0.9 1.1 0.5
v -0.9 1.5 0.5
v -0.9 1.7 0.5
v -0.8 0.7 0.5
v -0.8 0.8 0.5
v -0.8 0.9 0.5
v -0.8 1.1 0.5
v -0.8 1.5 0.5
v -0.8 1.7 0.5
v -0.8 1.8 0.5
v -0.8 1.9 0.5
v -0.7 0.6 0.5
v -0.7 0.7 0.5
v -0.7 0.8 0.5
v -0.7 1.8 0.5
v -0.7 1.9 0.5
v -0.7 2 0.5
v -0.6 0.5 0.5
v -0.6 0.6 0.5
v -0.6 0.7 0.5
v -0.6 1.9 0.5
v -0.6 2 0.5
v -0.6 2.1 0.5
v -0.5 0.5 0.5
v -0.5 0.6 0.5
v -0.5 2 0.5
v -0.5 2.1 0.5
v -0.4 0.4 0.5
v -0.4 0.5 0.5
v -0.4 2.1 0.5
v -0.4 2.2 0.5
v -0.2 0.4 0.5
v -0.2 0.5 0.5
v -0.2 2.1 0.5
v -0.2 2.2 0.5
v 0.2 0.4 0.5
v 0.2 0.5 0.5
v 0.2 2.1 0.5
v 0.2 2.2 0.5
v 0.4 0.4 0.5
v 0.4 0.5 0.5
v 0.4 2.1 0.5
v 0.4 2.2 0.5
v 0.5 0.5 0.5
v 0.5 0.6 0.5
v 0.5 2 0.5
v 0.5 2.1 0.5
v 0.6 0.5 0.5
v 0.6 0.6 0.5
v 0.6 0.7 0.5
v 0.6 1.9 0.5
v 0.6 2 0.5
v 0.6 2.1 0.5
v 0.7 0.6 0.5
v 0.7 0.7 0.5
v 0.7 0.8 0.5
v 0.7 1.8 0.5
v 0.7 1.9 0.5
v 0.7 2 0.5
v 0.8 0.7 0.5
v 0.8 0.8 0.5
v 0.8 0.9 0.5
v 0.8 1.1 0.5
v 0.8 1.5 0.5
v 0.8 1.7 0.5
v 0.8 1.8 0.5
v 0.8 1.9 0.5
v 0.9 0.9 0.5
v 0.9 1.1 0.5
v 0.9 1.5 0.5
v 0.9 1.7 0.5
v -1 1.1 0.4
v -1 1.5 0.4
v -0.9 0.8 0.4
v -0.9 0.9 0.4
v -0.9 1.1 0.4
v -0.9 1.5 0.4
v -0.9 1.7 0.4
v -0.9 1.8 0.4
v -0.8 0.8 0.4
v -0.8 0.9 0.4
v -0.8 1.7 0.4
v -0.8 1.8 0.4
v -0.5 0.4 0.4
v -0.5 0.5 0.4
v -0.5 2.1 0.4
v -0.5 2.2 0.4
v -0.5 3 0.4
v -0.5 3.1 0.4
v -0.4 0.4 0.4
v -0.4 0.5 0.4
v -0.4 2.1 0.4
v -0.4 2.2 0.4
v -0.4 3 0.4
v -0.4 3.1 0.4
v -0.3 2.9 0.4
v -0.3 3 0.4
v -0.3 3.1 0.4
v -0.2 0.3 0.4
v -0.2 0.4 0.4
v -0.2 2.2 0.4
v -0.2 2.3 0.4
v -0.2 2.9 0.4
v -0.2 3 0.4
v -0.2 3.1 0.4
v 0.2 0.3 0.4
v 0.2 0.4 0.4
v 0.2 2.2 0.4
v 0.2 2.3 0.4
v 0.4 0.4 0.4
v 0.4 0.5 0.4
v 0.4 2.1 0.4
v 0.4 2.2 0.4
v 0.5 0.4 0.4
v 0.5 0.5 0.4
v 0.5 2.1 0.4
v 0.5 2.2 0.4
v 0.8 0.8 0.4
v 0.8 0.9 0.4
v 0.8 1.7 0.4
v 0.8 1.8 0.4
v 0.9 0.8 0.4
v 0.9 0.9 0.4
v 0.9 1.1 0.4
v 0.9 1.5 0.4
v 0.9 1.7 0.4
v 0.9 1.8 0.4
v 1 1.1 0.4
v 1 1.5 0.4
v -1 1 0.3
v -1 1.1 0.3
v -1 1.5 0.3
v -1 1.6 0.3
v -0.9 1 0.3
v -0.9 1.1 0.3
v -0.9 1.5 0.3
v -0.9 1.6 0.3
v -0.8 0.6 0.3
v -0.8 0.7 0.3
v -0.8 1.9 0.3
v -0.8 2 0.3
v -0.7 0.5 0.3
v -0.7 0.6 0.3
v -0.7 0.7 0.3
v -0.7 1.9 0.3
v -0.7 2 0.3
v -0.7 2.1 0.3
v -0.6 0.5 0.3
v -0.6 0.6 0.3
v -0.6 2 0.3
v -0.6 2.1 0.3
v -0.3 0.3 0.3
v -0.3 0.4 0.3
v -0.3 2.2 0.3
v -0.3 2.3 0.3
v -0.2 0.3 0.3
v -0.2 0.4 0.3
v -0.2 2.2 0.3
v -0.2 2.3 0.3
v -0.2 2.9 0.3
v -0.2 3 0.3
v -0.2 3.1 0.3
v -0.0999999 2.9 0.3
v -0.0999999 3.1 0.3
v 0.2 0.3 0.3
v 0.2 0.4 0.3
v 0.2 2.2 0.3
v 0.2 2.3 0.3
v 0.3 0.3 0.3
v 0.3 0.4 0.3
v 0.3 2.2 0.3
v 0.3 2.3 0.3
v 0.6 0.5 0.3
v 0.6 0.6 0.3
v 0.6 2 0.3
v 0.6 2.1 0.3
v 0.7 0.5 0.3
v 0.7 0.6 0.3
v 0.7 0.7 0.3
v 0.7 1.9 0.3
v 0.7 2 0.3
v 0.7 2.1 0.3
v 0.8 0.6 0.3
v 0.8 0.7 0.3
v 0.8 1.9 0.3
v 0.8 2 0.3
v 0.9 1 0.3
v 0.9 1.1 0.3
v 0.9 1.5 0.3
v 0.9 1.6 0.3
v 1 1 0.3
v 1 1.1 0.3
v 1 1.5 0.3
v 1 1.6 0.3
v -1 0.9 0.2
v -1 1 0.2
v -1 1.6 0.2
v -1 1.7 0.2
v -0.9 0.7 0.2
v -0.9 0.8 0.2
v -0.9 0.9 0.2
v -0.9 1 0.2
v -0.9 1.6 0.2
v -0.9 1.7 0.2
v -0.9 1.8 0.2
v -0.9 1.9 0.2
v -0.8 0.7 0.2
v -0.8 0.8 0.2
v -0.8 1.8 0.2
v -0.8 1.9 0.2
v -0.6 0.4 0.2
v -0.6 0.5 0.2
v -0.6 2.1 0.2
v -0.6 2.2 0.2
v -0.5 0.4 0.2
v -0.5 0.5 0.2
v -0.5 2.1 0.2
v -0.5 2.2 0.2
v -0.4 0.3 0.2
v -0.4 0.4 0.2
v -0.4 2.2 0.2
v -0.4 2.3 0.2
v -0.3 0.3 0.2
v -0.3 0.4 0.2
v -0.3 2.2 0.2
v -0.3 2.3 0.2
v -0.2 2.8 0.2
v -0.2 2.9 0.2
v -0.0999999 2.7 0.2
v -0.0999999 2.8 0.2
v -0.0999999 2.9 0.2
v -0.0999999 3 0.2
v 1.19209e-07 2.7 0.2
v 1.19209e-07 2.9 0.2
v 1.19209e-07 3 0.2
v 0.3 0.3 0.2
v 0.3 0.4 0.2
v 0.3 2.2 0.2
v 0.3 2.3 0.2
v 0.4 0.3 0.2
v 0.4 0.4 0.2
v 0.4 2.2 0.2
v 0.4 2.3 0.2
v 0.5 0.4 0.2
v 0.5 0.5 0.2
v 0.5 2.1 0.2
v 0.5 2.2 0.2
v 0.6 0.4 0.2
v 0.6 0.5 0.2
v 0.6 2.1 0.2
v 0.6 2.2 0.2
v 0.8 0.7 0.2
v 0.8 0.8 0.2
v 0.8 1.8 0.2
v 0.8 1.9 0.2
v 0.9 0.7 0.2
v 0.9 0.8 0.2
v 0.9 0.9 0.2
v 0.9 1 0.2
v 0.9 1.6 0.2
v 0.9 1.7 0.2
v 0.9 1.8 0.2
v 0.9 1.9 0.2
v 1 0.9 0.2
v 1 1 0.2
v 1 1.6 0.2
v 1 1.7 0.2
v -0.2 2.7 0.1
v -0.2 2.8 0.1
v -0.0999999 2.3 0.1
v -0.0999999 2.6 0.1
v -0.0999999 2.7 0.1
v -0.0999999 2.8 0.1
v 1.19209e-07 2.5 0.1
v 1.19209e-07 2.6 0.1
v 1.19209e-07 2.7 0.1
v 1.19209e-07 2.8 0.1
v 0.1 2.3 0.1
v 0.1 2.5 0.1
v 0.1 2.6 0.1
v 0.1 2.8 0.1
v -0.3 2.8 0.9
v -0.3 2.9 0.9
v -0.2 2.8 0.9
v -0.2 2.9 0.9
v -0.0999999 2.8 0.9
v -0.0999999 2.9 0.9
v -0.3 2.6 0.8
v -0.3 2.7 0.8
v -0.2 2.7 0.8
v -0.0999999 2.6 0.8
v -0.0999999 2.7 0.8
v -0.2 2.7 0.7
v -0.2 2.8 0.7
v -0.0999999 2.7 0.7
v -0.0999999 2.8 0.7
v -0.4 2.7 0.6
v -0.4 2.8 0.6
v -0.3 2.7 0.6
v -0.3 2.8 0.6
v -0.3 2.9 0.6
v -0.2 2.7 0.6
v -0.2 2.9 0.6
v -0.5 2.8 0.4
v -0.5 2.9 0.4
v -0.3 2.8 0.4
v -0.3 2.9 0.4
v -0.5 2.9 0.3
v -0.5 3.1 0.3
v -0.4 2.9 0.3
v -0.4 3 0.3
v -0.4 3.1 0.3
v -0.4 2.9 0.2
v -0.4 3 0.2
v -0.4 3.1 0.2
v -0.3 2.9 0.2
v -0.3 3 0.2
v -0.3 3.1 0.2
v -0.3 2.9 0.1
v -0.3 3 0.1
v -0.3 3.1 0.1
v -0.2 2.9 0.1
v -0.2 3 0.1
v -0.2 3.1 0.1
v -0.0999999 3 0.1
v -0.0999999 3.1 0.1
v -0.2 2.7 0
v -0.2 3 0
v -0.0999999 2.7 0
v -0.0999999 2.8 0
v -0.0999999 2.9 0
v 1.19209e-07 2.8 0
v 1.19209e-07 2.9 0
v 1.19209e-07 3 0
v -0.0999999 2.3 -0.1
v -0.0999999 2.4 -0.1
v -0.0999999 2.7 -0.1
v -0.0999999 2.8 -0.1
v 1.19209e-07 2.3 -0.1
v 1.19209e-07 2.4 -0.1
v 1.19209e-07 2.5 -0.1
v 1.19209e-07 2.7 -0.1
v 1.19209e-07 2.8 -0.1
v 0.1 2.3 -0.1
v 0.1 2.4 -0.1
v 0.1 2.5 -0.1
v 0.1 2.8 -0.1
v -1 0.9 -0.2
v -1 1 -0.2
v -1 1.6 -0.2
v -1 1.7 -0.2
v -0.9 0.7 -0.2
v -0.9 0.8 -0.2
v -0.9 0.9 -0.2
v -0.9 1 -0.2
v -0.9 1.6 -0.2
v -0.9 1.7 -0.2
v -0.9 1.8 -0.2
v -0.9 1.9 -0.2
v -0.8 0.7 -0.2
v -0.8 0.8 -0.2
v -0.8 1.8 -0.2
v -0.8 1.9 -0.2
v -0.6 0.4 -0.2
v -0.6 0.5 -0.2
v -0.6 2.1 -0.2
v -0.6 2.2 -0.2
v -0.5 0.4 -0.2
v -0.5 0.5 -0.2
v -0.5 2.1 -0.2
v -0.5 2.2 -0.2
v -0.4 0.3 -0.2
v -0.4 0.4 -0.2
v -0.4 2.2 -0.2
v -0.4 2.3 -0.2
v -0.3 0.3 -0.2
v -0.3 0.4 -0.2
v -0.3 2.2 -0.2
v -0.3 2.3 -0.2
v 0.3 0.3 -0.2
v 0.3 0.4 -0.2
v 0.3 2.2 -0.2
v 0.3 2.3 -0.2
v 0.4 0.3 -0.2
v 0.4 0.4 -0.2
v 0.4 2.2 -0.2
v 0.4 2.3 -0.2
v 0.5 0.4 -0.2
v 0.5 0.5 -0.2
v 0.5 2.1 -0.2
v 0.5 2.2 -0.2
v 0.6 0.4 -0.2
v 0.6 0.5 -0.2
v 0.6 2.1 -0.2
v 0.6 2.2 -0.2
v 0.8 0.7 -0.2
v 0.8 0.8 -0.2
v 0.8 1.8 -0.2
v 0.8 1.9 -0.2
v 0.9 0.7 -0.2
v 0.9 0.8 -0.2
v 0.9 0.9 -0.2
v 0.9 1 -0.2
v 0.9 1.6 -0.2
v 0.9 1.7 -0.2
v 0.9 1.8 -0.2
v 0.9 1.9 -0.2
v 1 0.9 -0.2
v 1 1 -0.2
v 1 1.6 -0.2
v 1 1.7 -0.2
v -1 1 -0.3
v -1 1.1 -0.3
v -1 1.5 -0.3
v -1 1.6 -0.3
v -0.9 1 -0.3
v -0.9 1.1 -0.3
v -0.9 1.5 -0.3
v -0.9 1.6 -0.3
v -0.8 0.6 -0.3
v -0.8 0.7 -0.3
v -0.8 1.9 -0.3
v -0.8 2 -0.3
v -0.7 0.5 -0.3
v -0.7 0.6 -0.3
v -0.7 0.7 -0.3
v -0.7 1.9 -0.3
v -0.7 2 -0.3
v -0.7 2.1 -0.3
v -0.6 0.5 -0.3
v -0.6 0.6 -0.3
v -0.6 2 -0.3
v -0.6 2.1 -0.3
v -0.3 0.3 -0.3
v -0.3 0.4 -0.3
v -0.3 2.2 -0.3
v -0.3 2.3 -0.3
v -0.2 0.3 -0.3
v -0.2 0.4 -0.3
v -0.2 2.2 -0.3
v -0.2 2.3 -0.3
v 0.2 0.3 -0.3
v 0.2 0.4 -0.3
v 0.2 2.2 -0.3
v 0.2 2.3 -0.3
v 0.3 0.3 -0.3
v 0.3 0.4 -0.3
v 0.3 2.2 -0.3
v 0.3 2.3 -0.3
v 0.6 0.5 -0.3
v 0.6 0.6 -0.3
v 0.6 2 -0.3
v 0.6 2.1 -0.3
v 0.7 0.5 -0.3
v 0.7 0.6 -0.3
v 0.7 0.7 -0.3
v 0.7 1.9 -0.3
v 0.7 2 -0.3
v 0.7 2.1 -0.3
v 0.8 0.6 -0.3
v 0.8 0.7 -0.3
v 0.8 1.9 -0.3
v 0.8 2 -0.3
v 0.9 1 -0.3
v 0.9 1.1 -0.3
v 0.9 1.5 -0.3
v 0.9 1.6 -0.3
v 1 1 -0.3
v 1 1.1 -0.3
v 1 1.5 -0.3
v 1 1.6 -0.3
v -1 1.1 -0.4
v -1 1.5 -0.4
v -0.9 0.8 -0.4
v -0.9 0.9 -0.4
v -0.9 1.1 -0.4
v -0.9 1.5 -0.4
v -0.9 1.7 -0.4
v -0.9 1.8 -0.4
v -0.8 0.8 -0.4
v -0.8 0.9 -0.4
v -0.8 1.7 -0.4
v -0.8 1.8 -0.4
v -0.5 0.4 -0.4
v -0.5 0.5 -0.4
v -0.5 2.1 -0.4
v -0.5 2.2 -0.4
v -0.4 0.4 -0.4
v -0.4 0.5 -0.4
v -0.4 2.1 -0.4
v -0.4 2.2 -0.4
v -0.2 0.3 -0.4
v -0.2 0.4 -0.4
v -0.2 2.2 -0.4
v -0.2 2.3 -0.4
v -0.0999999 0.3 -0.4
v -0.0999999 0.4 -0.4
v 0.2 0.3 -0.4
v 0.2 0.4 -0.4
v 0.2 2.2 -0.4
v 0.2 2.3 -0.4
v 0.4 0.4 -0.4
v 0.4 0.5 -0.4
v 0.4 2.1 -0.4
v 0.4 2.2 -0.4
v 0.5 0.4 -0.4
v 0.5 0.5 -0.4
v 0.5 2.1 -0.4
v 0.5 2.2 -0.4
v 0.8 0.8 -0.4
v 0.8 0.9 -0.4
v 0.8 1.7 -0.4
v 0.8 1.8 -0.4
v 0.9 0.8 -0.4
v 0.9 0.9 -0.4
v 0.9 1.1 -0.4
v 0.9 1.5 -0.4
v 0.9 1.7 -0.4
v 0.9 1.8 -0.4
v 1 1.1 -0.4
v 1 1.5 -0.4
v -0.9 0.9 -0.5
v -0.9 1.1 -0.5
v -0.9 1.5 -0.5
v -0.9 1.7 -0.5
v -0.8 0.7 -0.5
v -0.8 0.8 -0.5
v -0.8 0.9 -0.5
v -0.8 1.1 -0.5
v -0.8 1.5 -0.5
v -0.8 1.7 -0.5
v -0.8 1.8 -0.5
v -0.8 1.9 -0.5
v -0.7 0.6 -0.5
v -0.7 0.7 -0.5
v -0.7 0.8 -0.5
v -0.7 1.8 -0.5
v -0.7 1.9 -0.5
v -0.7 2 -0.5
v -0.6 0.5 -0.5
v -0.6 0.6 -0.5
v -0.6 0.7 -0.5
v -0.6 1.9 -0.5
v -0.6 2 -0.5
v -0.6 2.1 -0.5
v -0.5 0.5 -0.5
v -0.5 0.6 -0.5
v -0.5 2 -0.5
v -0.5 2.1 -0.5
v -0.4 0.4 -0.5
v -0.4 0.5 -0.5
v -0.4 2.1 -0.5
v -0.4 2.2 -0.5
v -0.2 0.4 -0.5
v -0.2 0.5 -0.5
v -0.2 2.1 -0.5
v -0.2 2.2 -0.5
v 0.2 0.4 -0.5
v 0.2 0.5 -0.5
v 0.2 2.1 -0.5
v 0.2 2.2 -0.5
v 0.4 0.4 -0.5
v 0.4 0.5 -0.5
v 0.4 2.1 -0.5
v 0.4 2.2 -0.5
v 0.5 0.5 -0.5
v 0.5 0.6 -0.5
v 0.5 2 -0.5
v 0.5 2.1 -0.5
v 0.6 0.5 -0.5
v 0.6 0.6 -0.5
v 0.6 0.7 -0.5
v 0.6 1.9 -0.5
v 0.6 2 -0.5
v 0.6 2.1 -0.5
v 0.7 0.6 -0.5
v 0.7 0.7 -0.5
v 0.7 0.8 -0.5
v 0.7 1.8 -0.5
v 0.7 1.9 -0.5
v 0.7 2 -0.5
v 0.8 0.7 -0.5
v 0.8 0.8 -0.5
v 0.8 0.9 -0.5
v 0.8 1.1 -0.5
v 0.8 1.5 -0.5
v 0.8 1.7 -0.5
v 0.8 1.8 -0.5
v 0.8 1.9 -0.5
v 0.9 0.9 -0.5
v 0.9 1.1 -0.5
v 0.9 1.5 -0.5
v 0.9 1.7 -0.5
v -0.9 1.1 -0.6
v -0.9 1.5 -0.6
v -0.8 0.8 -0.6
v -0.8 1 -0.6
v -0.8 1.1 -0.6
v -0.8 1.5 -0.6
v -0.8 1.6 -0.6
v -0.8 1.8 -0.6
v -0.7 0.7 -0.6
v -0.7 0.8 -0.6
v -0.7 0.9 -0.6
v -0.7 1 -0.6
v -0.7 1.6 -0.6
v -0.7 1.8 -0.6
v -0.7 1.9 -0.6
v -0.6 0.6 -0.6
v -0.6 0.7 -0.6
v -0.6 0.8 -0.6
v -0.6 1.8 -0.6
v -0.6 1.9 -0.6
v -0.6 2 -0.6
v -0.5 0.5 -0.6
v -0.5 0.6 -0.6
v -0.5 0.7 -0.6
v -0.5 1.9 -0.6
v -0.5 2 -0.6
v -0.5 2.1 -0.6
v -0.4 2 -0.6
v -0.3 0.5 -0.6
v -0.3 0.6 -0.6
v -0.3 2 -0.6
v -0.3 2.1 -0.6
v -0.2 0.4 -0.6
v -0.2 0.5 -0.6
v -0.2 2.1 -0.6
v -0.2 2.2 -0.6
v 0.2 0.4 -0.6
v 0.2 0.5 -0.6
v 0.2 2.1 -0.6
v 0.2 2.2 -0.6
v 0.3 0.5 -0.6
v 0.3 0.6 -0.6
v 0.3 2 -0.6
v 0.3 2.1 -0.6
v 0.4 2 -0.6
v 0.5 0.5 -0.6
v 0.5 0.6 -0.6
v 0.5 0.7 -0.6
v 0.5 1.9 -0.6
v 0.5 2 -0.6
v 0.5 2.1 -0.6
v 0.6 0.6 -0.6
v 0.6 0.7 -0.6
v 0.6 0.8 -0.6
v 0.6 1.8 -0.6
v 0.6 1.9 -0.6
v 0.6 2 -0.6
v 0.7 0.7 -0.6
v 0.7 0.8 -0.6
v 0.7 0.9 -0.6
v 0.7 1 -0.6
v 0.7 1.6 -0.6
v 0.7 1.8 -0.6
v 0.7 1.9 -0.6
v 0.8 0.8 -0.6
v 0.8 1 -0.6
v 0.8 1.1 -0.6
v 0.8 1.5 -0.6
v 0.8 1.6 -0.6
v 0.8 1.8 -0.6
v 0.9 1.1 -0.6
v 0.9 1.5 -0.6
v -0.8 1 -0.7
v -0.8 1.6 -0.7
v -0.7 0.8 -0.7
v -0.7 0.9 -0.7
v -0.7 1 -0.7
v -0.7 1.6 -0.7
v -0.7 1.8 -0.7
v -0.6 0.7 -0.7
v -0.6 0.8 -0.7
v -0.6 0.9 -0.7
v -0.6 1 -0.7
v -0.6 1.6 -0.7
v -0.6 1.8 -0.7
v -0.6 1.9 -0.7
v -0.5 0.6 -0.7
v -0.5 0.7 -0.7
v -0.5 0.8 -0.7
v -0.5 1.8 -0.7
v -0.5 1.9 -0.7
v -0.5 2 -0.7
v -0.4 1.9 -0.7
v -0.4 2 -0.7
v -0.3 0.5 -0.7
v -0.3 0.6 -0.7
v -0.3 0.7 -0.7
v -0.3 1.9 -0.7
v -0.3 2 -0.7
v -0.3 2.1 -0.7
v 0.3 0.5 -0.7
v 0.3 0.6 -0.7
v 0.3 0.7 -0.7
v 0.3 1.9 -0.7
v 0.3 2 -0.7
v 0.3 2.1 -0.7
v 0.4 1.9 -0.7
v 0.4 2 -0.7
v 0.5 0.6 -0.7
v 0.5 0.7 -0.7
v 0.5 0.8 -0.7
v 0.5 1.8 -0.7
v 0.5 1.9 -0.7
v 0.5 2 -0.7
v 0.6 0.7 -0.7
v 0.6 0.8 -0.7
v 0.6 0.9 -0.7
v 0.6 1 -0.7
v 0.6 1.6 -0.7
v 0.6 1.8 -0.7
v 0.6 1.9 -0.7
v 0.7 0.8 -0.7
v 0.7 0.9 -0.7
v 0.7 1 -0.7
v 0.7 1.6 -0.7
v 0.7 1.8 -0.7
v 0.8 1 -0.7
v 0.8 1.6 -0.7
v -0.7 1 -0.8
v -0.7 1.6 -0.8
v -0.6 0.8 -0.8
v -0.6 1 -0.8
v -0.6 1.1 -0.8
v -0.6 1.5 -0.8
v -0.6 1.6 -0.8
v -0.6 1.8 -0.8
v -0.5 0.7 -0.8
v -0.5 0.8 -0.8
v -0.5 0.9 -0.8
v -0.5 1 -0.8
v -0.5 1.1 -0.8
v -0.5 1.5 -0.8
v -0.5 1.7 -0.8
v -0.5 1.8 -0.8
v -0.5 1.9 -0.8
v -0.4 0.8 -0.8
v -0.4 0.9 -0.8
v -0.4 1.7 -0.8
v -0.4 1.8 -0.8
v -0.3 0.6 -0.8
v -0.3 0.7 -0.8
v -0.3 1.8 -0.8
v -0.3 1.9 -0.8
v -0.3 2 -0.8
v -0.2 0.7 -0.8
v -0.2 0.8 -0.8
v -0.2 1.8 -0.8
v -0.2 1.9 -0.8
v 0.2 0.7 -0.8
v 0.2 0.8 -0.8
v 0.2 1.8 -0.8
v 0.2 1.9 -0.8
v 0.3 0.6 -0.8
v 0.3 0.7 -0.8
v 0.3 1.8 -0.8
v 0.3 1.9 -0.8
v 0.3 2 -0.8
v 0.4 0.8 -0.8
v 0.4 0.9 -0.8
v 0.4 1.7 -0.8
v 0.4 1.8 -0.8
v 0.5 0.7 -0.8
v 0.5 0.8 -0.8
v 0.5 0.9 -0.8
v 0.5 1 -0.8
v 0.5 1.1 -0.8
v 0.5 1.5 -0.8
v 0.5 1.7 -0.8
v 0.5 1.8 -0.8
v 0.5 1.9 -0.8
v 0.6 0.8 -0.8
v 0.6 0.9 -0.8
v 0.6 1 -0.8
v 0.6 1.1 -0.8
v 0.6 1.5 -0.8
v 0.6 1.6 -0.8
v 0.6 1.8 -0.8
v 0.7 1 -0.8
v 0.7 1.6 -0.8
v -0.6 1.1 -0.9
v -0.6 1.5 -0.9
v -0.5 0.9 -0.9
v -0.5 1 -0.9
v -0.5 1.1 -0.9
v -0.5 1.2 -0.9
v -0.5 1.5 -0.9
v -0.5 1.7 -0.9
v -0.4 0.8 -0.9
v -0.4 0.9 -0.9
v -0.4 1 -0.9
v -0.4 1.1 -0.9
v -0.4 1.2 -0.9
v -0.4 1.3 -0.9
v -0.4 1.5 -0.9
v -0.4 1.6 -0.9
v -0.4 1.7 -0.9
v -0.4 1.8 -0.9
v -0.3 1 -0.9
v -0.3 1.1 -0.9
v -0.3 1.5 -0.9
v -0.3 1.6 -0.9
v -0.3 1.7 -0.9
v -0.3 1.8 -0.9
v -0.2 0.7 -0.9
v -0.2 0.8 -0.9
v -0.2 0.9 -0.9
v -0.2 1 -0.9
v -0.2 1.6 -0.9
v -0.2 1.7 -0.9
v -0.2 1.8 -0.9
v -0.2 1.9 -0.9
v 0.1 1.7 -0.9
v 0.2 0.7 -0.9
v 0.2 0.8 -0.9
v 0.2 0.9 -0.9
v 0.2 1 -0.9
v 0.2 1.6 -0.9
v 0.2 1.7 -0.9
v 0.2 1.8 -0.9
v 0.2 1.9 -0.9
v 0.3 0.9 -0.9
v 0.3 1 -0.9
v 0.3 1.1 -0.9
v 0.3 1.5 -0.9
v 0.3 1.6 -0.9
v 0.3 1.7 -0.9
v 0.4 0.8 -0.9
v 0.4 0.9 -0.9
v 0.4 1 -0.9
v 0.4 1.1 -0.9
v 0.4 1.5 -0.9
v 0.4 1.7 -0.9
v 0.4 1.8 -0.9
v 0.5 0.9 -0.9
v 0.5 1 -0.9
v 0.5 1.1 -0.9
v 0.5 1.5 -0.9
v 0.5 1.7 -0.9
v 0.6 1.1 -0.9
v 0.6 1.5 -0.9
v -0.4 1.1 -1
v -0.4 1.3 -1
v -0.4 1.5 -1
v -0.3 1 -1
v -0.3 1.1 -1
v -0.3 1.2 -1
v -0.3 1.3 -1
v -0.3 1.4 -1
v -0.3 1.5 -1
v -0.3 1.6 -1
v -0.2 0.9 -1
v -0.2 1 -1
v -0.2 1.2 -1
v -0.2 1.3 -1
v -0.2 1.4 -1
v -0.2 1.5 -1
v -0.2 1.6 -1
v -0.2 1.7 -1
v -0.0999999 1.2 -1
v -0.0999999 1.3 -1
v -0.0999999 1.5 -1
v -0.0999999 1.6 -1
v 1.19209e-07 1.3 -1
v 1.19209e-07 1.5 -1
v 1.19209e-07 1.6 -1
v 0.1 1.1 -1
v 0.1 1.2 -1
v 0.1 1.6 -1
v 0.1 1.7 -1
v 0.2 0.9 -1
v 0.2 1 -1
v 0.2 1.1 -1
v 0.2 1.2 -1
v 0.2 1.3 -1
v 0.2 1.5 -1
v 0.2 1.6 -1
v 0.2 1.7 -1
v 0.3 1 -1
v 0.3 1.1 -1
v 0.3 1.2 -1
v 0.3 1.5 -1
v 0.3 1.6 -1
v 0.4 1.1 -1
v 0.4 1.5 -1
v -0.2 0.3 0.4
v 0.2 0.3 0.4
v -0.3 0.3 0.3
v -0.2 0.3 0.3
v 0.2 0.3 0.3
v 0.3 0.3 0.3
v -0.4 0.3 0.2
v -0.3 0.3 0.2
v 0.3 0.3 0.2
v 0.4 0.3 0.2
v 0.1 0.3 0.1
v 0.3 0.3 0.1
v -0.0999999 0.3 0
v 0.1 0.3 0
v 0.2 0.3 0
v 0.3 0.3 0
v -0.2 0.3 -0.1
v -0.0999999 0.3 -0.1
v 0.1 0.3 -0.1
v 0.2 0.3 -0.1
v -0.4 0.3 -0.2
v -0.3 0.3 -0.2
v -0.2 0.3 -0.2
v 1.19209e-07 0.3 -0.2
v 0.1 0.3 -0.2
v 0.3 0.3 -0.2
v 0.4 0.3 -0.2
v -0.3 0.3 -0.3
v -0.2 0.3 -0.3
v -0.0999999 0.3 -0.3
v 1.19209e-07 0.3 -0.3
v 0.2 0.3 -0.3
v 0.3 0.3 -0.3
v -0.2 0.3 -0.4
v -0.0999999 0.3 -0.4
v 0.2 0.3 -0.4
v -0.2 0.4 0.6
v 0.2 0.4 0.6
v -0.4 0.4 0.5
v -0.2 0.4 0.5
v 0.2 0.4 0.5
v 0.4 0.4 0.5
v -0.5 0.4 0.4
v -0.4 0.4 0.4
v -0.2 0.4 0.4
v 0.2 0.4 0.4
v 0.3 0.4 0.4
v 0.4 0.4 0.4
v 0.5 0.4 0.4
v -0.3 0.4 0.3
v -0.2 0.4 0.3
v 0.2 0.4 0.3
v 0.3 0.4 0.3
v -0.6 0.4 0.2
v -0.5 0.4 0.2
v -0.4 0.4 0.2
v -0.3 0.4 0.2
v 0.3 0.4 0.2
v 0.4 0.4 0.2
v 0.5 0.4 0.2
v 0.6 0.4 0.2
v -0.6 0.4 -0.2
v -0.5 0.4 -0.2
v -0.4 0.4 -0.2
v -0.3 0.4 -0.2
v 0.3 0.4 -0.2
v 0.4 0.4 -0.2
v 0.5 0.4 -0.2
v 0.6 0.4 -0.2
v -0.4 0.4 -0.3
v -0.3 0.4 -0.3
v -0.2 0.4 -0.3
v 0.2 0.4 -0.3
v 0.3 0.4 -0.3
v -0.5 0.4 -0.4
v -0.4 0.4 -0.4
v -0.2 0.4 -0.4
v -0.0999999 0.4 -0.4
v 0.2 0.4 -0.4
v 0.4 0.4 -0.4
v 0.5 0.4 -0.4
v -0.4 0.4 -0.5
v -0.2 0.4 -0.5
v 0.2 0.4 -0.5
v 0.4 0.4 -0.5
v -0.2 0.4 -0.6
v 0.2 0.4 -0.6
v -0.3 0.5 0.7
v 0.3 0.5 0.7
v -0.5 0.5 0.6
v -0.3 0.5 0.6
v -0.2 0.5 0.6
v 0.2 0.5 0.6
v 0.3 0.5 0.6
v 0.5 0.5 0.6
v -0.6 0.5 0.5
v -0.5 0.5 0.5
v -0.4 0.5 0.5
v -0.2 0.5 0.5
v 0.2 0.5 0.5
v 0.4 0.5 0.5
v 0.5 0.5 0.5
v 0.6 0.5 0.5
v -0.5 0.5 0.4
v -0.4 0.5 0.4
v 0.4 0.5 0.4
v 0.5 0.5 0.4
v -0.7 0.5 0.3
v -0.6 0.5 0.3
v 0.6 0.5 0.3
v 0.7 0.5 0.3
v -0.7 0.5 0.2
v -0.6 0.5 0.2
v -0.5 0.5 0.2
v 0.5 0.5 0.2
v 0.6 0.5 0.2
v -0.6 0.5 -0.2
v -0.5 0.5 -0.2
v 0.5 0.5 -0.2
v 0.6 0.5 -0.2
v -0.7 0.5 -0.3
v -0.6 0.5 -0.3
v 0.6 0.5 -0.3
v 0.7 0.5 -0.3
v -0.5 0.5 -0.4
v -0.4 0.5 -0.4
v 0.4 0.5 -0.4
v 0.5 0.5 -0.4
v -0.6 0.5 -0.5
v -0.5 0.5 -0.5
v -0.4 0.5 -0.5
v -0.2 0.5 -0.5
v 0.2 0.5 -0.5
v 0.4 0.5 -0.5
v 0.5 0.5 -0.5
v 0.6 0.5 -0.5
v -0.5 0.5 -0.6
v -0.3 0.5 -0.6
v -0.2 0.5 -0.6
v 0.2 0.5 -0.6
v 0.3 0.5 -0.6
v 0.5 0.5 -0.6
v -0.3 0.5 -0.7
v 0.3 0.5 -0.7
v -0.3 0.6 0.8
v 0.3 0.6 0.8
v -0.5 0.6 0.7
v -0.3 0.6 0.7
v 0.3 0.6 0.7
v 0.5 0.6 0.7
v -0.6 0.6 0.6
v -0.5 0.6 0.6
v -0.3 0.6 0.6
v 0.3 0.6 0.6
v 0.5 0.6 0.6
v 0.6 0.6 0.6
v -0.7 0.6 0.5
v -0.6 0.6 0.5
v -0.5 0.6 0.5
v 0.5 0.6 0.5
v 0.6 0.6 0.5
v 0.7 0.6 0.5
v -0.7 0.6 0.4
v -0.6 0.6 0.4
v -0.8 0.6 0.3
v -0.7 0.6 0.3
v -0.6 0.6 0.3
v 0.6 0.6 0.3
v 0.7 0.6 0.3
v 0.8 0.6 0.3
v -0.7 0.6 0.2
v -0.8 0.6 -0.3
v -0.7 0.6 -0.3
v -0.6 0.6 -0.3
v 0.6 0.6 -0.3
v 0.7 0.6 -0.3
v 0.8 0.6 -0.3
v -0.7 0.6 -0.5
v -0.6 0.6 -0.5
v -0.5 0.6 -0.5
v 0.5 0.6 -0.5
v 0.6 0.6 -0.5
v 0.7 0.6 -0.5
v -0.6 0.6 -0.6
v -0.5 0.6 -0.6
v -0.3 0.6 -0.6
v 0.3 0.6 -0.6
v 0.5 0.6 -0.6
v 0.6 0.6 -0.6
v -0.5 0.6 -0.7
v -0.3 0.6 -0.7
v 0.3 0.6 -0.7
v 0.5 0.6 -0.7
v -0.3 0.6 -0.8
v 0.3 0.6 -0.8
v -0.2 0.7 0.9
v 0.2 0.7 0.9
v -0.5 0.7 0.8
v -0.4 0.7 0.8
v -0.3 0.7 0.8
v -0.2 0.7 0.8
v 0.2 0.7 0.8
v 0.3 0.7 0.8
v 0.5 0.7 0.8
v -0.6 0.7 0.7
v -0.5 0.7 0.7
v -0.4 0.7 0.7
v -0.3 0.7 0.7
v 0.3 0.7 0.7
v 0.5 0.7 0.7
v 0.6 0.7 0.7
v -0.7 0.7 0.6
v -0.6 0.7 0.6
v -0.5 0.7 0.6
v 0.5 0.7 0.6
v 0.6 0.7 0.6
v 0.7 0.7 0.6
v -0.8 0.7 0.5
v -0.7 0.7 0.5
v -0.6 0.7 0.5
v 0.6 0.7 0.5
v 0.7 0.7 0.5
v 0.8 0.7 0.5
v -0.7 0.7 0.4
v -0.8 0.7 0.3
v -0.7 0.7 0.3
v 0.7 0.7 0.3
v 0.8 0.7 0.3
v -0.9 0.7 0.2
v -0.8 0.7 0.2
v 0.8 0.7 0.2
v 0.9 0.7 0.2
v -0.9 0.7 -0.2
v -0.8 0.7 -0.2
v 0.8 0.7 -0.2
v 0.9 0.7 -0.2
v -0.8 0.7 -0.3
v -0.7 0.7 -0.3
v 0.7 0.7 -0.3
v 0.8 0.7 -0.3
v -0.8 0.7 -0.4
v -0.7 0.7 -0.4
v 0.7 0.7 -0.4
v 0.8 0.7 -0.4
v -0.8 0.7 -0.5
v -0.7 0.7 -0.5
v -0.6 0.7 -0.5
v 0.6 0.7 -0.5
v 0.7 0.7 -0.5
v 0.8 0.7 -0.5
v -0.7 0.7 -0.6
v -0.6 0.7 -0.6
v -0.5 0.7 -0.6
v 0.5 0.7 -0.6
v 0.6 0.7 -0.6
v 0.7 0.7 -0.6
v -0.6 0.7 -0.7
v -0.5 0.7 -0.7
v -0.3 0.7 -0.7
v 0.3 0.7 -0.7
v 0.5 0.7 -0.7
v 0.6 0.7 -0.7
v -0.5 0.7 -0.8
v -0.3 0.7 -0.8
v -0.2 0.7 -0.8
v 0.2 0.7 -0.8
v 0.3 0.7 -0.8
v 0.5 0.7 -0.8
v -0.2 0.7 -0.9
v 0.2 0.7 -0.9
v -0.4 0.8 0.9
v -0.2 0.8 0.9
v 0.2 0.8 0.9
v 0.4 0.8 0.9
v -0.6 0.8 0.8
v -0.5 0.8 0.8
v -0.4 0.8 0.8
v -0.2 0.8 0.8
v 0.2 0.8 0.8
v 0.4 0.8 0.8
v 0.5 0.8 0.8
v 0.6 0.8 0.8
v -0.7 0.8 0.7
v -0.6 0.8 0.7
v -0.5 0.8 0.7
v 0.5 0.8 0.7
v 0.6 0.8 0.7
v 0.7 0.8 0.7
v -0.8 0.8 0.6
v -0.7 0.8 0.6
v -0.6 0.8 0.6
v 0.6 0.8 0.6
v 0.7 0.8 0.6
v 0.8 0.8 0.6
v -0.8 0.8 0.5
v -0.7 0.8 0.5
v 0.7 0.8 0.5
v 0.8 0.8 0.5
v -0.9 0.8 0.4
v -0.8 0.8 0.4
v 0.8 0.8 0.4
v 0.9 0.8 0.4
v -0.9 0.8 0.2
v -0.8 0.8 0.2
v 0.8 0.8 0.2
v 0.9 0.8 0.2
v -0.9 0.8 -0.2
v -0.8 0.8 -0.2
v 0.8 0.8 -0.2
v 0.9 0.8 -0.2
v -0.9 0.8 -0.4
v -0.8 0.8 -0.4
v 0.8 0.8 -0.4
v 0.9 0.8 -0.4
v -0.8 0.8 -0.5
v -0.7 0.8 -0.5
v 0.7 0.8 -0.5
v 0.8 0.8 -0.5
v -0.8 0.8 -0.6
v -0.7 0.8 -0.6
v -0.6 0.8 -0.6
v 0.6 0.8 -0.6
v 0.7 0.8 -0.6
v 0.8 0.8 -0.6
v -0.7 0.8 -0.7
v -0.6 0.8 -0.7
v -0.5 0.8 -0.7
v 0.5 0.8 -0.7
v 0.6 0.8 -0.7
v 0.7 0.8 -0.7
v -0.6 0.8 -0.8
v -0.5 0.8 -0.8
v -0.4 0.8 -0.8
v -0.2 0.8 -0.8
v 0.2 0.8 -0.8
v 0.4 0.8 -0.8
v 0.5 0.8 -0.8
v 0.6 0.8 -0.8
v -0.4 0.8 -0.9
v -0.2 0.8 -0.9
v 0.2 0.8 -0.9
v 0.4 0.8 -0.9
v -0.2 0.9 1
v 0.2 0.9 1
v -0.5 0.9 0.9
v -0.4 0.9 0.9
v -0.2 0.9 0.9
v 0.2 0.9 0.9
v 0.4 0.9 0.9
v 0.5 0.9 0.9
v -0.5 0.9 0.8
v -0.4 0.9 0.8
v 0.4 0.9 0.8
v 0.5 0.9 0.8
v -0.9 0.9 0.5
v -0.8 0.9 0.5
v 0.8 0.9 0.5
v 0.9 0.9 0.5
v -0.9 0.9 0.4
v -0.8 0.9 0.4
v 0.8 0.9 0.4
v 0.9 0.9 0.4
v -1 0.9 0.2
v -0.9 0.9 0.2
v 0.9 0.9 0.2
v 1 0.9 0.2
v -1 0.9 0.1
v -0.9 0.9 0.1
v 0.9 0.9 -0.1
v 1 0.9 -0.1
v -1 0.9 -0.2
v -0.9 0.9 -0.2
v 0.9 0.9 -0.2
v 1 0.9 -0.2
v -0.9 0.9 -0.4
v -0.8 0.9 -0.4
v 0.8 0.9 -0.4
v 0.9 0.9 -0.4
v -0.9 0.9 -0.5
v -0.8 0.9 -0.5
v 0.8 0.9 -0.5
v 0.9 0.9 -0.5
v -0.5 0.9 -0.8
v -0.4 0.9 -0.8
v 0.4 0.9 -0.8
v 0.5 0.9 -0.8
v -0.5 0.9 -0.9
v -0.4 0.9 -0.9
v -0.2 0.9 -0.9
v 0.2 0.9 -0.9
v 0.4 0.9 -0.9
v 0.5 0.9 -0.9
v -0.2 0.9 -1
v 0.2 0.9 -1
v -0.3 1 1
v -0.2 1 1
v 0.2 1 1
v 0.3 1 1
v -0.3 1 0.9
v -0.2 1 0.9
v 0.2 1 0.9
v 0.3 1 0.9
v -0.7 1 0.8
v -0.6 1 0.8
v 0.6 1 0.8
v 0.7 1 0.8
v -0.8 1 0.7
v -0.7 1 0.7
v -0.6 1 0.7
v 0.6 1 0.7
v 0.7 1 0.7
v 0.8 1 0.7
v -0.8 1 0.6
v -0.7 1 0.6
v 0.7 1 0.6
v 0.8 1 0.6
v -1 1 0.3
v -0.9 1 0.3
v 0.9 1 0.3
v 1 1 0.3
v -1 1 0.2
v -0.9 1 0.2
v 0.9 1 0.2
v 1 1 0.2
v -1 1 -0.2
v -0.9 1 -0.2
v 0.9 1 -0.2
v 1 1 -0.2
v -1 1 -0.3
v -0.9 1 -0.3
v 0.9 1 -0.3
v 1 1 -0.3
v -0.8 1 -0.6
v -0.7 1 -0.6
v 0.7 1 -0.6
v 0.8 1 -0.6
v -0.8 1 -0.7
v -0.7 1 -0.7
v -0.6 1 -0.7
v 0.6 1 -0.7
v 0.7 1 -0.7
v 0.8 1 -0.7
v -0.7 1 -0.8
v -0.6 1 -0.8
v 0.6 1 -0.8
v 0.7 1 -0.8
v -0.3 1 -0.9
v -0.2 1 -0.9
v 0.2 1 -0.9
v 0.3 1 -0.9
v -0.3 1 -1
v -0.2 1 -1
v 0.2 1 -1
v 0.3 1 -1
v -0.4 1.1 1
v -0.3 1.1 1
v 0.3 1.1 1
v 0.4 1.1 1
v -0.6 1.1 0.9
v -0.5 1.1 0.9
v -0.4 1.1 0.9
v -0.3 1.1 0.9
v 0.3 1.1 0.9
v 0.4 1.1 0.9
v 0.5 1.1 0.9
v 0.6 1.1 0.9
v -0.6 1.1 0.8
v -0.5 1.1 0.8
v 0.5 1.1 0.8
v 0.6 1.1 0.8
v -0.9 1.1 0.6
v -0.8 1.1 0.6
v 0.8 1.1 0.6
v 0.9 1.1 0.6
v -0.9 1.1 0.5
v -0.8 1.1 0.5
v 0.8 1.1 0.5
v 0.9 1.1 0.5
v -1 1.1 0.4
v -0.9 1.1 0.4
v 0.9 1.1 0.4
v 1 1.1 0.4
v -1 1.1 0.3
v -0.9 1.1 0.3
v 0.9 1.1 0.3
v 1 1.1 0.3
v -1 1.1 -0.3
v -0.9 1.1 -0.3
v 0.9 1.1 -0.3
v 1 1.1 -0.3
v -1 1.1 -0.4
v -0.9 1.1 -0.4
v 0.9 1.1 -0.4
v 1 1.1 -0.4
v -0.9 1.1 -0.5
v -0.8 1.1 -0.5
v 0.8 1.1 -0.5
v 0.9 1.1 -0.5
v -0.9 1.1 -0.6
v -0.8 1.1 -0.6
v 0.8 1.1 -0.6
v 0.9 1.1 -0.6
v -0.6 1.1 -0.8
v -0.5 1.1 -0.8
v 0.5 1.1 -0.8
v 0.6 1.1 -0.8
v -0.6 1.1 -0.9
v -0.5 1.1 -0.9
v -0.4 1.1 -0.9
v -0.3 1.1 -0.9
v 0.3 1.1 -0.9
v 0.4 1.1 -0.9
v 0.5 1.1 -0.9
v 0.6 1.1 -0.9
v -0.4 1.1 -1
v -0.3 1.1 -1
v 0.3 1.1 -1
v 0.4 1.1 -1
v -0.2 2.6 1
v -0.0999999 2.6 1
v -0.3 2.6 0.9
v -0.2 2.6 0.9
v -0.3 2.6 0.8
v -0.0999999 2.6 0.8
v -0.3 2.7 1.1
v -0.0999999 2.7 1.1
v -0.3 2.7 1
v -0.2 2.7 1
v -0.0999999 2.7 1
v -0.3 2.7 0.9
v -0.2 2.7 0.9
v -0.4 2.7 0.8
v -0.3 2.7 0.8
v -0.2 2.7 0.8
v -0.0999999 2.7 0.8
v -0.4 2.7 0.7
v -0.3 2.7 0.7
v -0.2 2.7 0.7
v -0.0999999 2.7 0.7
v -0.4 2.7 0.6
v -0.3 2.7 0.6
v -0.2 2.7 0.6
v -0.0999999 2.7 0.2
v 1.19209e-07 2.7 0.2
v -0.2 2.7 0.1
v -0.0999999 2.7 0.1
v 1.19209e-07 2.7 0.1
v -0.2 2.7 0
v -0.0999999 2.7 0
v -0.5 2.8 0.7
v -0.4 2.8 0.7
v -0.5 2.8 0.6
v -0.4 2.8 0.6
v -0.3 2.8 0.6
v -0.5 2.8 0.5
v -0.4 2.8 0.5
v -0.5 2.8 0.4
v -0.3 2.8 0.4
v -0.2 2.8 0.2
v -0.0999999 2.8 0.2
v -0.2 2.8 0.1
v -0.0999999 2.8 0.1
v -0.5 2.9 0.4
v -0.3 2.9 0.4
v -0.2 2.9 0.4
v -0.5 2.9 0.3
v -0.4 2.9 0.3
v -0.3 2.9 0.3
v -0.2 2.9 0.3
v -0.0999999 2.9 0.3
v -0.4 2.9 0.2
v -0.3 2.9 0.2
v -0.2 2.9 0.2
v -0.0999999 2.9 0.2
v -0.3 2.9 0.1
v -0.2 2.9 0.1
v -0.4 1.5 1
v -0.3 1.5 1
v 0.3 1.5 1
v 0.4 1.5 1
v -0.6 1.5 0.9
v -0.5 1.5 0.9
v -0.4 1.5 0.9
v -0.3 1.5 0.9
v 0.3 1.5 0.9
v 0.4 1.5 0.9
v 0.5 1.5 0.9
v 0.6 1.5 0.9
v -0.6 1.5 0.8
v -0.5 1.5 0.8
v 0.5 1.5 0.8
v 0.6 1.5 0.8
v -0.9 1.5 0.6
v -0.8 1.5 0.6
v 0.8 1.5 0.6
v 0.9 1.5 0.6
v -0.9 1.5 0.5
v -0.8 1.5 0.5
v 0.8 1.5 0.5
v 0.9 1.5 0.5
v -1 1.5 0.4
v -0.9 1.5 0.4
v 0.9 1.5 0.4
v 1 1.5 0.4
v -1 1.5 0.3
v -0.9 1.5 0.3
v 0.9 1.5 0.3
v 1 1.5 0.3
v -1 1.5 -0.3
v -0.9 1.5 -0.3
v 0.9 1.5 -0.3
v 1 1.5 -0.3
v -1 1.5 -0.4
v -0.9 1.5 -0.4
v 0.9 1.5 -0.4
v 1 1.5 -0.4
v -0.9 1.5 -0.5
v -0.8 1.5 -0.5
v 0.8 1.5 -0.5
v 0.9 1.5 -0.5
v -0.9 1.5 -0.6
v -0.8 1.5 -0.6
v 0.8 1.5 -0.6
v 0.9 1.5 -0.6
v -0.6 1.5 -0.8
v -0.5 1.5 -0.8
v 0.5 1.5 -0.8
v 0.6 1.5 -0.8
v -0.6 1.5 -0.9
v -0.5 1.5 -0.9
v -0.4 1.5 -0.9
v -0.3 1.5 -0.9
v 0.3 1.5 -0.9
v 0.4 1.5 -0.9
v 0.5 1.5 -0.9
v 0.6 1.5 -0.9
v -0.4 1.5 -1
v -0.3 1.5 -1
v 0.3 1.5 -1
v 0.4 1.5 -1
v -0.3 1.6 1
v -0.2 1.6 1
v 0.2 1.6 1
v 0.3 1.6 1
v -0.3 1.6 0.9
v -0.2 1.6 0.9
v 0.2 1.6 0.9
v 0.3 1.6 0.9
v -0.7 1.6 0.8
v -0.6 1.6 0.8
v 0.6 1.6 0.8
v 0.7 1.6 0.8
v -0.8 1.6 0.7
v -0.7 1.6 0.7
v -0.6 1.6 0.7
v 0.6 1.6 0.7
v 0.7 1.6 0.7
v 0.8 1.6 0.7
v -0.8 1.6 0.6
v -0.7 1.6 0.6
v 0.7 1.6 0.6
v 0.8 1.6 0.6
v -1 1.6 0.3
v -0.9 1.6 0.3
v 0.9 1.6 0.3
v 1 1.6 0.3
v -1 1.6 0.2
v -0.9 1.6 0.2
v 0.9 1.6 0.2
v 1 1.6 0.2
v -1 1.6 -0.2
v -0.9 1.6 -0.2
v 0.9 1.6 -0.2
v 1 1.6 -0.2
v -1 1.6 -0.3
v -0.9 1.6 -0.3
v 0.9 1.6 -0.3
v 1 1.6 -0.3
v -0.8 1.6 -0.6
v -0.7 1.6 -0.6
v 0.7 1.6 -0.6
v 0.8 1.6 -0.6
v -0.8 1.6 -0.7
v -0.7 1.6 -0.7
v -0.6 1.6 -0.7
v 0.6 1.6 -0.7
v 0.7 1.6 -0.7
v 0.8 1.6 -0.7
v -0.7 1.6 -0.8
v -0.6 1.6 -0.8
v 0.6 1.6 -0.8
v 0.7 1.6 -0.8
v -0.3 1.6 -0.9
v -0.2 1.6 -0.9
v 0.2 1.6 -0.9
v 0.3 1.6 -0.9
v -0.3 1.6 -1
v -0.2 1.6 -1
v 0.2 1.6 -1
v 0.3 1.6 -1
v -0.2 1.7 1
v 0.1 1.7 1
v 0.2 1.7 1
v -0.5 1.7 0.9
v -0.4 1.7 0.9
v -0.2 1.7 0.9
v 0.1 1.7 0.9
v 0.2 1.7 0.9
v 0.4 1.7 0.9
v 0.5 1.7 0.9
v -0.5 1.7 0.8
v -0.4 1.7 0.8
v 0.4 1.7 0.8
v 0.5 1.7 0.8
v -0.9 1.7 0.5
v -0.8 1.7 0.5
v 0.8 1.7 0.5
v 0.9 1.7 0.5
v -0.9 1.7 0.4
v -0.8 1.7 0.4
v 0.8 1.7 0.4
v 0.9 1.7 0.4
v -1 1.7 0.2
v -0.9 1.7 0.2
v 0.9 1.7 0.2
v 1 1.7 0.2
v 0.9 1.7 0.1
v 1 1.7 0.1
v -1 1.7 -0.1
v -0.9 1.7 -0.1
v -1 1.7 -0.2
v -0.9 1.7 -0.2
v 0.9 1.7 -0.2
v 1 1.7 -0.2
v -0.9 1.7 -0.4
v -0.8 1.7 -0.4
v 0.8 1.7 -0.4
v 0.9 1.7 -0.4
v -0.9 1.7 -0.5
v -0.8 1.7 -0.5
v 0.8 1.7 -0.5
v 0.9 1.7 -0.5
v -0.5 1.7 -0.8
v -0.4 1.7 -0.8
v 0.4 1.7 -0.8
v 0.5 1.7 -0.8
v -0.5 1.7 -0.9
v -0.4 1.7 -0.9
v -0.2 1.7 -0.9
v 0.1 1.7 -0.9
v 0.2 1.7 -0.9
v 0.4 1.7 -0.9
v 0.5 1.7 -0.9
v -0.2 1.7 -1
v 0.1 1.7 -1
v 0.2 1.7 -1
v -0.4 1.8 0.9
v -0.3 1.8 0.9
v -0.2 1.8 0.9
v 0.2 1.8 0.9
v 0.4 1.8 0.9
v -0.6 1.8 0.8
v -0.5 1.8 0.8
v -0.4 1.8 0.8
v -0.3 1.8 0.8
v -0.2 1.8 0.8
v 0.2 1.8 0.8
v 0.3 1.8 0.8
v 0.4 1.8 0.8
v 0.5 1.8 0.8
v 0.6 1.8 0.8
v -0.7 1.8 0.7
v -0.6 1.8 0.7
v -0.5 1.8 0.7
v 0.5 1.8 0.7
v 0.6 1.8 0.7
v 0.7 1.8 0.7
v -0.8 1.8 0.6
v -0.7 1.8 0.6
v -0.6 1.8 0.6
v 0.6 1.8 0.6
v 0.7 1.8 0.6
v 0.8 1.8 0.6
v -0.8 1.8 0.5
v -0.7 1.8 0.5
v 0.7 1.8 0.5
v 0.8 1.8 0.5
v -0.9 1.8 0.4
v -0.8 1.8 0.4
v 0.8 1.8 0.4
v 0.9 1.8 0.4
v 0.8 1.8 0.3
v -0.9 1.8 0.2
v -0.8 1.8 0.2
v 0.8 1.8 0.2
v 0.9 1.8 0.2
v -0.9 1.8 -0.2
v -0.8 1.8 -0.2
v 0.8 1.8 -0.2
v 0.9 1.8 -0.2
v -0.9 1.8 -0.4
v -0.8 1.8 -0.4
v 0.8 1.8 -0.4
v 0.9 1.8 -0.4
v -0.8 1.8 -0.5
v -0.7 1.8 -0.5
v 0.7 1.8 -0.5
v 0.8 1.8 -0.5
v -0.8 1.8 -0.6
v -0.7 1.8 -0.6
v -0.6 1.8 -0.6
v 0.6 1.8 -0.6
v 0.7 1.8 -0.6
v 0.8 1.8 -0.6
v -0.7 1.8 -0.7
v -0.6 1.8 -0.7
v -0.5 1.8 -0.7
v 0.5 1.8 -0.7
v 0.6 1.8 -0.7
v 0.7 1.8 -0.7
v -0.6 1.8 -0.8
v -0.5 1.8 -0.8
v -0.4 1.8 -0.8
v -0.3 1.8 -0.8
v -0.2 1.8 -0.8
v 0.2 1.8 -0.8
v 0.3 1.8 -0.8
v 0.4 1.8 -0.8
v 0.5 1.8 -0.8
v 0.6 1.8 -0.8
v -0.4 1.8 -0.9
v -0.3 1.8 -0.9
v -0.2 1.8 -0.9
v 0.2 1.8 -0.9
v 0.4 1.8 -0.9
v -0.2 1.9 0.9
v 0.2 1.9 0.9
v -0.5 1.9 0.8
v -0.4 1.9 0.8
v -0.3 1.9 0.8
v -0.2 1.9 0.8
v 0.2 1.9 0.8
v 0.3 1.9 0.8
v 0.5 1.9 0.8
v -0.6 1.9 0.7
v -0.5 1.9 0.7
v -0.4 1.9 0.7
v -0.3 1.9 0.7
v 0.3 1.9 0.7
v 0.4 1.9 0.7
v 0.5 1.9 0.7
v 0.6 1.9 0.7
v -0.7 1.9 0.6
v -0.6 1.9 0.6
v -0.5 1.9 0.6
v 0.5 1.9 0.6
v 0.6 1.9 0.6
v 0.7 1.9 0.6
v -0.8 1.9 0.5
v -0.7 1.9 0.5
v -0.6 1.9 0.5
v 0.6 1.9 0.5
v 0.7 1.9 0.5
v 0.8 1.9 0.5
v -0.7 1.9 0.4
v -0.8 1.9 0.3
v -0.7 1.9 0.3
v 0.7 1.9 0.3
v 0.8 1.9 0.3
v -0.9 1.9 0.2
v -0.8 1.9 0.2
v 0.8 1.9 0.2
v 0.9 1.9 0.2
v -0.9 1.9 -0.1
v -0.8 1.9 -0.1
v -0.9 1.9 -0.2
v -0.8 1.9 -0.2
v 0.8 1.9 -0.2
v 0.9 1.9 -0.2
v -0.8 1.9 -0.3
v -0.7 1.9 -0.3
v 0.7 1.9 -0.3
v 0.8 1.9 -0.3
v -0.8 1.9 -0.4
v -0.7 1.9 -0.4
v 0.7 1.9 -0.4
v -0.8 1.9 -0.5
v -0.7 1.9 -0.5
v -0.6 1.9 -0.5
v 0.6 1.9 -0.5
v 0.7 1.9 -0.5
v 0.8 1.9 -0.5
v -0.7 1.9 -0.6
v -0.6 1.9 -0.6
v -0.5 1.9 -0.6
v 0.5 1.9 -0.6
v 0.6 1.9 -0.6
v 0.7 1.9 -0.6
v -0.6 1.9 -0.7
v -0.5 1.9 -0.7
v -0.4 1.9 -0.7
v -0.3 1.9 -0.7
v 0.3 1.9 -0.7
v 0.4 1.9 -0.7
v 0.5 1.9 -0.7
v 0.6 1.9 -0.7
v -0.5 1.9 -0.8
v -0.3 1.9 -0.8
v -0.2 1.9 -0.8
v 0.2 1.9 -0.8
v 0.3 1.9 -0.8
v 0.5 1.9 -0.8
v -0.2 1.9 -0.9
v 0.2 1.9 -0.9
v -0.3 2 0.8
v 0.3 2 0.8
v -0.5 2 0.7
v -0.3 2 0.7
v 0.3 2 0.7
v 0.4 2 0.7
v 0.5 2 0.7
v -0.6 2 0.6
v -0.5 2 0.6
v -0.3 2 0.6
v 0.3 2 0.6
v 0.4 2 0.6
v 0.5 2 0.6
v 0.6 2 0.6
v -0.7 2 0.5
v -0.6 2 0.5
v -0.5 2 0.5
v 0.5 2 0.5
v 0.6 2 0.5
v 0.7 2 0.5
v -0.7 2 0.4
v -0.6 2 0.4
v -0.8 2 0.3
v -0.7 2 0.3
v -0.6 2 0.3
v 0.6 2 0.3
v 0.7 2 0.3
v 0.8 2 0.3
v 0.7 2 0.2
v -0.8 2 -0.3
v -0.7 2 -0.3
v -0.6 2 -0.3
v 0.6 2 -0.3
v 0.7 2 -0.3
v 0.8 2 -0.3
v -0.6 2 -0.4
v 0.6 2 -0.4
v 0.7 2 -0.4
v -0.7 2 -0.5
v -0.6 2 -0.5
v -0.5 2 -0.5
v 0.5 2 -0.5
v 0.6 2 -0.5
v 0.7 2 -0.5
v -0.6 2 -0.6
v -0.5 2 -0.6
v -0.4 2 -0.6
v -0.3 2 -0.6
v 0.3 2 -0.6
v 0.4 2 -0.6
v 0.5 2 -0.6
v 0.6 2 -0.6
v -0.5 2 -0.7
v -0.4 2 -0.7
v -0.3 2 -0.7
v 0.3 2 -0.7
v 0.4 2 -0.7
v 0.5 2 -0.7
v -0.3 2 -0.8
v 0.3 2 -0.8
v -0.3 2.1 0.7
v 0.3 2.1 0.7
v -0.5 2.1 0.6
v -0.3 2.1 0.6
v -0.2 2.1 0.6
v 0.2 2.1 0.6
v 0.3 2.1 0.6
v 0.5 2.1 0.6
v -0.6 2.1 0.5
v -0.5 2.1 0.5
v -0.4 2.1 0.5
v -0.2 2.1 0.5
v 0.2 2.1 0.5
v 0.4 2.1 0.5
v 0.5 2.1 0.5
v 0.6 2.1 0.5
v -0.5 2.1 0.4
v -0.4 2.1 0.4
v 0.4 2.1 0.4
v 0.5 2.1 0.4
v -0.7 2.1 0.3
v -0.6 2.1 0.3
v 0.6 2.1 0.3
v 0.7 2.1 0.3
v -0.6 2.1 0.2
v -0.5 2.1 0.2
v 0.5 2.1 0.2
v 0.6 2.1 0.2
v 0.7 2.1 0.2
v -0.6 2.1 -0.2
v -0.5 2.1 -0.2
v 0.5 2.1 -0.2
v 0.6 2.1 -0.2
v -0.7 2.1 -0.3
v -0.6 2.1 -0.3
v 0.6 2.1 -0.3
v 0.7 2.1 -0.3
v -0.6 2.1 -0.4
v -0.5 2.1 -0.4
v -0.4 2.1 -0.4
v 0.4 2.1 -0.4
v 0.5 2.1 -0.4
v -0.6 2.1 -0.5
v -0.5 2.1 -0.5
v -0.4 2.1 -0.5
v -0.2 2.1 -0.5
v 0.2 2.1 -0.5
v 0.4 2.1 -0.5
v 0.5 2.1 -0.5
v 0.6 2.1 -0.5
v -0.5 2.1 -0.6
v -0.3 2.1 -0.6
v -0.2 2.1 -0.6
v 0.2 2.1 -0.6
v 0.3 2.1 -0.6
v 0.5 2.1 -0.6
v -0.3 2.1 -0.7
v 0.3 2.1 -0.7
v -0.2 2.2 0.6
v 0.2 2.2 0.6
v -0.4 2.2 0.5
v -0.2 2.2 0.5
v 0.2 2.2 0.5
v 0.4 2.2 0.5
v -0.5 2.2 0.4
v -0.4 2.2 0.4
v -0.2 2.2 0.4
v 0.2 2.2 0.4
v 0.4 2.2 0.4
v 0.5 2.2 0.4
v -0.3 2.2 0.3
v -0.2 2.2 0.3
v 0.2 2.2 0.3
v 0.3 2.2 0.3
v -0.6 2.2 0.2
v -0.5 2.2 0.2
v -0.4 2.2 0.2
v -0.3 2.2 0.2
v 0.3 2.2 0.2
v 0.4 2.2 0.2
v 0.5 2.2 0.2
v 0.6 2.2 0.2
v -0.6 2.2 -0.2
v -0.5 2.2 -0.2
v -0.4 2.2 -0.2
v -0.3 2.2 -0.2
v 0.3 2.2 -0.2
v 0.4 2.2 -0.2
v 0.5 2.2 -0.2
v 0.6 2.2 -0.2
v -0.3 2.2 -0.3
v -0.2 2.2 -0.3
v 0.2 2.2 -0.3
v 0.3 2.2 -0.3
v -0.5 2.2 -0.4
v -0.4 2.2 -0.4
v -0.2 2.2 -0.4
v 0.2 2.2 -0.4
v 0.4 2.2 -0.4
v 0.5 2.2 -0.4
v -0.4 2.2 -0.5
v -0.2 2.2 -0.5
v 0.2 2.2 -0.5
v 0.4 2.2 -0.5
v -0.2 2.2 -0.6
v 0.2 2.2 -0.6
v -0.2 2.3 0.4
v 0.2 2.3 0.4
v -0.3 2.3 0.3
v -0.2 2.3 0.3
v 0.2 2.3 0.3
v 0.3 2.3 0.3
v -0.4 2.3 0.2
v -0.3 2.3 0.2
v 0.3 2.3 0.2
v 0.4 2.3 0.2
v -0.0999999 2.3 0.1
v 0.1 2.3 0.1
v -0.0999999 2.3 0
v -0.0999999 2.3 -0.1
v 1.19209e-07 2.3 -0.1
v 0.1 2.3 -0.1
v -0.4 2.3 -0.2
v -0.3 2.3 -0.2
v 0.3 2.3 -0.2
v 0.4 2.3 -0.2
v -0.3 2.3 -0.3
v -0.2 2.3 -0.3
v 0.2 2.3 -0.3
v 0.3 2.3 -0.3
v -0.2 2.3 -0.4
v 0.2 2.3 -0.4
v -0.3 2.8 0.9
v -0.2 2.8 0.9
v -0.0999999 2.8 0.9
v -0.3 2.8 0.8
v -0.2 2.8 0.8
v -0.0999999 2.8 0.8
v -0.2 2.8 0.7
v -0.0999999 2.8 0.7
v 1.19209e-07 2.8 0.1
v 0.1 2.8 0.1
v -0.0999999 2.8 0
v 1.19209e-07 2.8 0
v -0.0999999 2.8 -0.1
v 1.19209e-07 2.8 -0.1
v 0.1 2.8 -0.1
v -0.3 2.9 1.1
v -0.2 2.9 1.1
v -0.0999999 2.9 1.1
v -0.3 2.9 1
v -0.2 2.9 1
v -0.0999999 2.9 1
v -0.3 2.9 0.9
v -0.2 2.9 0.9
v -0.0999999 2.9 0.9
v -0.4 2.9 0.8
v -0.2 2.9 0.8
v -0.4 2.9 0.7
v -0.3 2.9 0.7
v -0.3 2.9 0.6
v -0.2 2.9 0.6
v -0.5 3 0.7
v -0.3 3 0.7
v -0.5 3 0.5
v -0.4 3 0.5
v -0.5 3 0.4
v -0.4 3 0.4
v -0.3 3 0.4
v -0.0999999 3 0.2
v 1.19209e-07 3 0.2
v -0.2 3 0.1
v -0.0999999 3 0.1
v 1.19209e-07 3 0.1
v -0.2 3 0
v 1.19209e-07 3 0
v -0.5 3.1 0.4
v -0.4 3.1 0.4
v -0.3 3.1 0.4
v -0.2 3.1 0.4
v -0.5 3.1 0.3
v -0.4 3.1 0.3
v -0.3 3.1 0.3
v -0.2 3.1 0.3
v -0.0999999 3.1 0.3
v -0.4 3.1 0.2
v -0.3 3.1 0.2
v -0.2 3.1 0.2
v -0.0999999 3.1 0.2
v -0.3 3.1 0.1
v -0.2 3.1 0.1
v -0.0999999 3.1 0.1

# faces
f 5/4/1 2/4/1 1/4/1
f 6/6/1 3/6/1 2/6/1
f 9/4/1 5/4/1 4/4/1
f 10/6/1 7/6/1 6/6/1
f 10/4/1 2/4/1 5/4/1
f 10/4/1 5/4/1 9/4/1
f 10/6/1 6/6/1 2/6/1
f 11/6/1 7/6/1 10/6/1
f 13/6/1 9/6/1 8/6/1
f 13/6/1 12/6/1 11/6/1
f 13/6/1 11/6/1 10/6/1
f 13/6/1 10/6/1 9/6/1
f 14/6/1 12/6/1 13/6/1
f 15/4/1 14/4/1 13/4/1
f 15/6/1 12/6/1 14/6/1
f 16/6/1 12/6/1 15/6/1
f 17/6/1 13/6/1 8/6/1
f 17/4/1 15/4/1 13/4/1
f 17/4/1 16/4/1 15/4/1
f 18/4/1 16/4/1 17/4/1
f 19/6/1 17/6/1 8/6/1
f 19/6/1 18/6/1 17/6/1
f 20/6/1 18/6/1 19/6/1
f 21/6/1 12/6/1 16/6/1
f 21/4/1 16/4/1 18/4/1
f 22/6/1 12/6/1 21/6/1
f 23/6/1 12/6/1 22/6/1
f 24/6/1 18/6/1 20/6/1
f 25/6/1 18/6/1 24/6/1
f 26/4/1 22/4/1 21/4/1
f 26/6/1 18/6/1 25/6/1
f 26/4/1 21/4/1 18/4/1
f 27/4/1 22/4/1 26/4/1
f 28/4/1 22/4/1 27/4/1
f 29/4/1 22/4/1 28/4/1
f 30/6/1 26/6/1 25/6/1
f 30/6/1 27/6/1 26/6/1
f 31/4/1 28/4/1 27/4/1
f 31/6/1 27/6/1 30/6/1
f 32/4/1 28/4/1 31/4/1
f 36/6/1 34/6/1 33/6/1
f 37/6/1 34/6/1 36/6/1
f 40/6/1 36/6/1 35/6/1
f 40/6/1 38/6/1 37/6/1
f 40/6/1 37/6/1 36/6/1
f 41/6/1 38/6/1 40/6/1
f 42/6/1 38/6/1 41/6/1
f 43/6/1 38/6/1 42/6/1
f 44/6/1 38/6/1 43/6/1
f 45/6/1 38/6/1 44/6/1
f 47/6/1 40/6/1 39/6/1
f 47/6/1 41/6/1 40/6/1
f 47/4/1 42/4/1 41/4/1
f 48/4/1 42/4/1 47/4/1
f 49/6/1 46/6/1 45/6/1
f 49/6/1 45/6/1 44/6/1
f 50/6/1 46/6/1 49/6/1
f 52/6/1 47/6/1 39/6/1
f 53/6/1 47/6/1 52/6/1
f 54/6/1 47/6/1 53/6/1
f 55/6/1 46/6/1 50/6/1
f 56/6/1 46/6/1 55/6/1
f 57/6/1 46/6/1 56/6/1
f 59/6/1 52/6/1 51/6/1
f 59/6/1 53/6/1 52/6/1
f 60/6/1 53/6/1 59/6/1
f 61/6/1 53/6/1 60/6/1
f 64/6/1 58/6/1 57/6/1
f 64/6/1 57/6/1 56/6/1
f 65/6/1 58/6/1 64/6/1
f 66/6/1 58/6/1 65/6/1
f 67/6/1 62/6/1 61/6/1
f 67/6/1 61/6/1 60/6/1
f 70/6/1 65/6/1 64/6/1
f 70/6/1 64/6/1 63/6/1
f 71/6/1 68/6/1 67/6/1
f 71/6/1 67/6/1 60/6/1
f 72/6/1 68/6/1 71/6/1
f 73/6/1 68/6/1 72/6/1
f 75/4/1 70/4/1 69/4/1
f 76/6/1 65/6/1 70/6/1
f 76/4/1 70/4/1 75/4/1
f 77/6/1 65/6/1 76/6/1
f 78/6/1 65/6/1 77/6/1
f 79/6/1 74/6/1 73/6/1
f 79/6/1 73/6/1 72/6/1
f 80/6/1 74/6/1 79/6/1
f 81/4/1 75/4/1 74/4/1
f 81/4/1 77/4/1 76/4/1
f 81/4/1 76/4/1 75/4/1
f 82/4/1 77/4/1 81/4/1
f 83/6/1 74/6/1 80/6/1
f 84/4/1 81/4/1 74/4/1
f 84/6/1 74/6/1 83/6/1
f 85/4/1 81/4/1 84/4/1
f 89/6/1 87/6/1 86/6/1
f 90/6/1 87/6/1 89/6/1
f 91/6/1 87/6/1 90/6/1
f 92/6/1 87/6/1 91/6/1
f 96/6/1 89/6/1 88/6/1
f 96/6/1 90/6/1 89/6/1
f 97/6/1 90/6/1 96/6/1
f 98/6/1 90/6/1 97/6/1
f 99/6/1 93/6/1 92/6/1
f 99/6/1 92/6/1 91/6/1
f 100/4/1 94/4/1 93/4/1
f 100/6/1 93/6/1 99/6/1
f 101/4/1 94/4/1 100/4/1
f 103/6/1 97/6/1 96/6/1
f 103/6/1 96/6/1 95/6/1
f 104/6/1 97/6/1 103/6/1
f 105/6/1 102/6/1 101/6/1
f 105/6/1 101/6/1 100/6/1
f 106/6/1 102/6/1 105/6/1
f 108/6/1 103/6/1 95/6/1
f 109/6/1 102/6/1 106/6/1
f 111/6/1 108/6/1 107/6/1
f 111/6/1 103/6/1 108/6/1
f 112/6/1 103/6/1 111/6/1
f 113/6/1 110/6/1 109/6/1
f 113/6/1 109/6/1 106/6/1
f 114/6/1 110/6/1 113/6/1
f 115/6/1 111/6/1 107/6/1
f 118/6/1 110/6/1 114/6/1
f 119/6/1 116/6/1 115/6/1
f 119/6/1 115/6/1 107/6/1
f 120/6/1 116/6/1 119/6/1
f 121/6/1 118/6/1 117/6/1
f 121/6/1 110/6/1 118/6/1
f 122/6/1 110/6/1 121/6/1
f 123/6/1 116/6/1 120/6/1
f 126/6/1 121/6/1 117/6/1
f 127/6/1 124/6/1 123/6/1
f 127/6/1 123/6/1 120/6/1
f 128/6/1 124/6/1 127/6/1
f 129/6/1 124/6/1 128/6/1
f 132/6/1 126/6/1 125/6/1
f 133/6/1 121/6/1 126/6/1
f 133/6/1 126/6/1 132/6/1
f 134/6/1 121/6/1 133/6/1
f 135/6/1 130/6/1 129/6/1
f 135/6/1 129/6/1 128/6/1
f 136/6/1 130/6/1 135/6/1
f 137/6/1 130/6/1 136/6/1
f 139/4/1 132/4/1 131/4/1
f 140/4/1 132/4/1 139/4/1
f 141/6/1 133/6/1 132/6/1
f 141/4/1 132/4/1 140/4/1
f 142/6/1 133/6/1 141/6/1
f 143/6/1 138/6/1 137/6/1
f 143/6/1 140/6/1 139/6/1
f 143/6/1 139/6/1 138/6/1
f 143/6/1 137/6/1 136/6/1
f 144/6/1 140/6/1 143/6/1
f 150/4/1 146/4/1 145/4/1
f 151/6/1 147/6/1 146/6/1
f 151/4/1 146/4/1 150/4/1
f 152/6/1 147/6/1 151/6/1
f 155/4/1 149/4/1 148/4/1
f 156/6/1 150/6/1 149/6/1
f 156/4/1 149/4/1 155/4/1
f 157/6/1 150/6/1 156/6/1
f 158/6/1 153/6/1 152/6/1
f 159/6/1 153/6/1 158/6/1
f 160/6/1 153/6/1 159/6/1
f 163/6/1 155/6/1 154/6/1
f 164/6/1 155/6/1 163/6/1
f 165/4/1 161/4/1 160/4/1
f 166/4/1 161/4/1 165/4/1
f 168/4/1 167/4/1 166/4/1
f 169/4/1 167/4/1 168/4/1
f 171/6/1 163/6/1 162/6/1
f 172/6/1 163/6/1 171/6/1
f 173/6/1 169/6/1 168/6/1
f 174/6/1 169/6/1 173/6/1
f 176/6/1 171/6/1 170/6/1
f 177/6/1 171/6/1 176/6/1
f 180/6/1 175/6/1 174/6/1
f 181/6/1 175/6/1 180/6/1
f 182/6/1 178/6/1 177/6/1
f 183/6/1 178/6/1 182/6/1
f 186/6/1 180/6/1 179/6/1
f 187/6/1 180/6/1 186/6/1
f 188/6/1 184/6/1 183/6/1
f 189/6/1 184/6/1 188/6/1
f 194/6/1 186/6/1 185/6/1
f 195/6/1 186/6/1 194/6/1
f 196/4/1 190/4/1 189/4/1
f 197/6/1 191/6/1 190/6/1
f 197/4/1 190/4/1 196/4/1
f 198/6/1 191/6/1 197/6/1
f 199/6/1 193/6/1 192/6/1
f 199/6/1 194/6/1 193/6/1
f 200/6/1 194/6/1 199/6/1
f 201/6/1 199/6/1 198/6/1
f 202/6/1 199/6/1 201/6/1
f 207/6/1 204/6/1 203/6/1
f 208/6/1 204/6/1 207/6/1
f 212/6/1 206/6/1 205/6/1
f 213/6/1 206/6/1 212/6/1
f 214/6/1 206/6/1 213/6/1
f 215/6/1 210/6/1 209/6/1
f 216/6/1 210/6/1 215/6/1
f 219/4/1 212/4/1 211/4/1
f 220/4/1 212/4/1 219/4/1
f 221/6/1 217/6/1 216/6/1
f 222/6/1 217/6/1 221/6/1
f 225/4/1 219/4/1 218/4/1
f 226/4/1 219/4/1 225/4/1
f 227/6/1 223/6/1 222/6/1
f 228/6/1 223/6/1 227/6/1
f 230/4/1 229/4/1 228/4/1
f 231/6/1 225/6/1 224/6/1
f 232/6/1 225/6/1 231/6/1
f 233/4/1 229/4/1 230/4/1
f 234/4/1 229/4/1 233/4/1
f 239/6/1 236/6/1 235/6/1
f 240/6/1 236/6/1 239/6/1
f 241/6/1 238/6/1 237/6/1
f 242/6/1 238/6/1 241/6/1
f 247/6/1 244/6/1 243/6/1
f 248/6/1 244/6/1 247/6/1
f 251/6/1 246/6/1 245/6/1
f 252/6/1 246/6/1 251/6/1
f 253/4/1 249/4/1 248/4/1
f 254/4/1 249/4/1 253/4/1
f 257/6/1 251/6/1 250/6/1
f 258/6/1 251/6/1 257/6/1
f 259/6/1 255/6/1 254/6/1
f 260/6/1 255/6/1 259/6/1
f 265/4/1 257/4/1 256/4/1
f 266/4/1 257/4/1 265/4/1
f 267/6/1 261/6/1 260/6/1
f 267/6/1 262/6/1 261/6/1
f 268/6/1 262/6/1 267/6/1
f 271/6/1 264/6/1 263/6/1
f 272/4/1 265/4/1 264/4/1
f 272/6/1 264/6/1 271/6/1
f 273/4/1 265/4/1 272/4/1
f 274/6/1 270/6/1 269/6/1
f 275/6/1 270/6/1 274/6/1
f 282/6/1 277/6/1 276/6/1
f 283/6/1 277/6/1 282/6/1
f 284/6/1 279/6/1 278/6/1
f 285/6/1 279/6/1 284/6/1
f 289/6/1 281/6/1 280/6/1
f 290/6/1 281/6/1 289/6/1
f 291/6/1 287/6/1 286/6/1
f 292/6/1 287/6/1 291/6/1
f 295/6/1 289/6/1 288/6/1
f 296/6/1 289/6/1 295/6/1
f 297/6/1 293/6/1 292/6/1
f 298/6/1 293/6/1 297/6/1
f 300/4/1 295/4/1 294/4/1
f 301/4/1 295/4/1 300/4/1
f 302/6/1 299/6/1 298/6/1
f 303/6/1 299/6/1 302/6/1
f 308/6/1 307/6/1 306/6/1
f 309/6/1 307/6/1 308/6/1
f 310/6/1 305/6/1 304/6/1
f 311/6/1 305/6/1 310/6/1
f 312/4/1 309/4/1 308/4/1
f 313/4/1 309/4/1 312/4/1
f 318/6/1 315/6/1 314/6/1
f 319/6/1 315/6/1 318/6/1
f 320/6/1 317/6/1 316/6/1
f 321/6/1 317/6/1 320/6/1
f 326/4/1 323/4/1 322/4/1
f 327/4/1 323/4/1 326/4/1
f 330/4/1 325/4/1 324/4/1
f 331/4/1 325/4/1 330/4/1
f 332/6/1 328/6/1 327/6/1
f 333/6/1 328/6/1 332/6/1
f 336/4/1 330/4/1 329/4/1
f 337/4/1 330/4/1 336/4/1
f 338/6/1 334/6/1 333/6/1
f 339/6/1 334/6/1 338/6/1
f 344/6/1 336/6/1 335/6/1
f 345/6/1 336/6/1 344/6/1
f 346/6/1 341/6/1 340/6/1
f 347/6/1 341/6/1 346/6/1
f 348/6/1 343/6/1 342/6/1
f 349/6/1 343/6/1 348/6/1
f 354/1/1 351/1/1 350/1/1
f 354/5/1 352/5/1 351/5/1
f 355/1/1 353/1/1 352/1/1
f 355/5/1 352/5/1 354/5/1
f 356/1/1 353/1/1 355/1/1
f 358/1/1 354/1/1 350/1/1
f 358/1/1 355/1/1 354/1/1
f 359/5/1 356/5/1 355/5/1
f 359/1/1 355/1/1 358/1/1
f 360/1/1 357/1/1 356/1/1
f 360/5/1 356/5/1 359/5/1
f 361/1/1 357/1/1 360/1/1
f 362/1/1 357/1/1 361/1/1
f 367/6/1 364/6/1 363/6/1
f 368/6/1 364/6/1 367/6/1
f 371/6/1 366/6/1 365/6/1
f 372/6/1 366/6/1 371/6/1
f 373/4/1 370/4/1 369/4/1
f 374/4/1 370/4/1 373/4/1
f 379/6/1 376/6/1 375/6/1
f 380/6/1 376/6/1 379/6/1
f 381/6/1 378/6/1 377/6/1
f 382/6/1 378/6/1 381/6/1
f 387/4/1 386/4/1 385/4/1
f 388/4/1 386/4/1 387/4/1
f 389/4/1 386/4/1 388/4/1
f 390/6/1 384/6/1 383/6/1
f 391/6/1 384/6/1 390/6/1
f 392/6/1 389/6/1 388/6/1
f 393/6/1 389/6/1 392/6/1
f 398/4/1 395/4/1 394/4/1
f 399/4/1 395/4/1 398/4/1
f 400/4/1 397/4/1 396/4/1
f 401/4/1 397/4/1 400/4/1
f 406/6/1 403/6/1 402/6/1
f 407/6/1 403/6/1 406/6/1
f 410/6/1 405/6/1 404/6/1
f 411/6/1 405/6/1 410/6/1
f 412/6/1 409/6/1 408/6/1
f 413/6/1 409/6/1 412/6/1
f 417/1/1 415/1/1 414/1/1
f 417/5/1 416/5/1 415/5/1
f 418/5/1 416/5/1 417/5/1
f 419/1/1 417/1/1 414/1/1
f 420/1/1 417/1/1 419/1/1
f 423/5/1 422/5/1 421/5/1
f 424/5/1 422/5/1 423/5/1
f 425/1/1 424/1/1 423/1/1
f 426/1/1 424/1/1 425/1/1
f 431/6/1 428/6/1 427/6/1
f 432/6/1 428/6/1 431/6/1
f 433/4/1 430/4/1 429/4/1
f 434/4/1 430/4/1 433/4/1
f 440/6/1 436/6/1 435/6/1
f 441/6/1 436/6/1 440/6/1
f 442/6/1 438/6/1 437/6/1
f 443/6/1 438/6/1 442/6/1
f 445/6/1 440/6/1 439/6/1
f 446/6/1 440/6/1 445/6/1
f 447/6/1 444/6/1 443/6/1
f 448/6/1 444/6/1 447/6/1
f 453/4/1 450/4/1 449/4/1
f 454/4/1 450/4/1 453/4/1
f 455/6/1 452/6/1 451/6/1
f 456/6/1 452/6/1 455/6/1
f 461/4/1 458/4/1 457/4/1
f 462/4/1 458/4/1 461/4/1
f 463/4/1 460/4/1 459/4/1
f 464/4/1 460/4/1 463/4/1
f 469/6/1 466/6/1 465/6/1
f 470/6/1 466/6/1 469/6/1
f 473/6/1 468/6/1 467/6/1
f 474/6/1 468/6/1 473/6/1
f 475/6/1 471/6/1 470/6/1
f 476/6/1 471/6/1 475/6/1
f 477/6/1 473/6/1 472/6/1
f 478/6/1 473/6/1 477/6/1
f 483/6/1 480/6/1 479/6/1
f 484/6/1 480/6/1 483/6/1
f 485/6/1 482/6/1 481/6/1
f 486/6/1 482/6/1 485/6/1
f 491/3/1 488/3/1 487/3/1
f 492/3/1 488/3/1 491/3/1
f 493/3/1 491/3/1 490/3/1
f 493/1/1 492/1/1 491/1/1
f 494/1/1 492/1/1 493/1/1
f 495/2/1 490/2/1 489/2/1
f 496/3/1 493/3/1 490/3/1
f 496/2/1 490/2/1 495/2/1
f 497/3/1 493/3/1 496/3/1
f 500/5/1 499/5/1 498/5/1
f 501/5/1 499/5/1 500/5/1
f 502/1/1 501/1/1 500/1/1
f 503/1/1 501/1/1 502/1/1
f 510/6/1 505/6/1 504/6/1
f 511/6/1 505/6/1 510/6/1
f 512/4/1 507/4/1 506/4/1
f 513/4/1 507/4/1 512/4/1
f 516/6/1 509/6/1 508/6/1
f 517/6/1 509/6/1 516/6/1
f 518/6/1 515/6/1 514/6/1
f 519/6/1 515/6/1 518/6/1
f 524/6/1 521/6/1 520/6/1
f 525/6/1 521/6/1 524/6/1
f 526/6/1 523/6/1 522/6/1
f 527/6/1 523/6/1 526/6/1
f 532/6/1 529/6/1 528/6/1
f 533/6/1 529/6/1 532/6/1
f 534/6/1 531/6/1 530/6/1
f 535/6/1 531/6/1 534/6/1
f 540/6/1 537/6/1 536/6/1
f 541/6/1 537/6/1 540/6/1
f 542/6/1 539/6/1 538/6/1
f 543/6/1 539/6/1 542/6/1
f 548/6/1 545/6/1 544/6/1
f 549/6/1 545/6/1 548/6/1
f 550/6/1 547/6/1 546/6/1
f 551/6/1 547/6/1 550/6/1
f 556/6/1 553/6/1 552/6/1
f 557/6/1 553/6/1 556/6/1
f 562/6/1 555/6/1 554/6/1
f 563/6/1 555/6/1 562/6/1
f 564/6/1 559/6/1 558/6/1
f 565/6/1 559/6/1 564/6/1
f 566/6/1 561/6/1 560/6/1
f 567/6/1 561/6/1 566/6/1
f 570/3/1 569/3/1 568/3/1
f 571/3/1 569/3/1 570/3/1
f 575/1/1 573/1/1 572/1/1
f 576/1/1 575/1/1 574/1/1
f 577/1/1 573/1/1 575/1/1
f 577/1/1 575/1/1 576/1/1
f 578/1/1 573/1/1 577/1/1
f 579/1/1 573/1/1 578/1/1
f 583/1/1 581/1/1 580/1/1
f 583/5/1 582/5/1 581/5/1
f 584/5/1 582/5/1 583/5/1
f 585/1/1 583/1/1 580/1/1
f 585/1/1 584/1/1 583/1/1
f 586/1/1 584/1/1 585/1/1
f 588/5/1 586/5/1 585/5/1
f 589/1/1 584/1/1 586/1/1
f 589/5/1 586/5/1 588/5/1
f 590/1/1 584/1/1 589/1/1
f 591/1/1 588/1/1 587/1/1
f 592/1/1 588/1/1 591/1/1
f 593/5/1 590/5/1 589/5/1
f 594/5/1 590/5/1 593/5/1
f 595/1/2 596/1/2 598/1/2
f 598/1/2 596/1/2 599/1/2
f 597/1/2 598/1/2 600/1/2
f 598/1/2 599/1/2 600/1/2
f 600/1/2 599/1/2 601/1/2
f 602/1/2 603/1/2 605/1/2
f 604/1/2 605/1/2 606/1/2
f 605/1/2 603/1/2 607/1/2
f 606/1/2 605/1/2 607/1/2
f 608/5/2 609/5/2 610/5/2
f 610/5/2 609/5/2 611/5/2
f 610/1/2 611/1/2 612/1/2
f 612/1/2 611/1/2 613/1/2
f 614/3/2 615/3/2 617/3/2
f 617/3/2 615/3/2 618/3/2
f 618/3/2 615/3/2 619/3/2
f 616/2/2 617/2/2 621/2/2
f 617/2/2 618/2/2 621/2/2
f 621/2/2 618/2/2 622/2/2
f 618/3/2 619/3/2 623/3/2
f 622/2/2 618/2/2 623/2/2
f 619/1/2 620/1/2 624/1/2
f 623/3/2 619/3/2 624/3/2
f 624/1/2 620/1/2 625/1/2
f 621/3/2 622/3/2 626/3/2
f 622/2/2 623/2/2 627/2/2
f 626/3/2 622/3/2 627/3/2
f 627/2/2 623/2/2 628/2/2
f 629/1/2 630/1/2 631/1/2
f 629/1/2 631/1/2 633/1/2
f 631/5/2 632/5/2 634/5/2
f 633/1/2 631/1/2 634/1/2
f 634/5/2 632/5/2 635/5/2
f 636/1/2 637/1/2 638/1/2
f 636/1/2 638/1/2 640/1/2
f 638/5/2 639/5/2 641/5/2
f 640/1/2 638/1/2 641/1/2
f 641/5/2 639/5/2 642/5/2
f 640/5/2 641/5/2 643/5/2
f 641/1/2 642/1/2 644/1/2
f 643/5/2 641/5/2 644/5/2
f 644/1/2 642/1/2 645/1/2
f 646/1/2 647/1/2 648/1/2
f 648/1/2 647/1/2 649/1/2
f 646/1/2 648/1/2 650/1/2
f 648/5/2 649/5/2 651/5/2
f 650/1/2 648/1/2 651/1/2
f 651/5/2 649/5/2 652/5/2
f 650/5/2 651/5/2 653/5/2
f 651/1/2 652/1/2 654/1/2
f 653/5/2 651/5/2 654/5/2
f 653/1/2 654/1/2 655/1/2
f 654/1/2 652/1/2 656/1/2
f 655/1/2 654/1/2 656/1/2
f 657/6/2 658/6/2 663/6/2
f 663/6/2 658/6/2 664/6/2
f 659/6/2 660/6/2 665/6/2
f 665/6/2 660/6/2 666/6/2
f 661/6/2 662/6/2 669/6/2
f 669/6/2 662/6/2 670/6/2
f 667/6/2 668/6/2 671/6/2
f 671/6/2 668/6/2 672/6/2
f 673/6/2 674/6/2 677/6/2
f 677/6/2 674/6/2 678/6/2
f 675/6/2 676/6/2 679/6/2
f 679/6/2 676/6/2 680/6/2
f 681/6/2 682/6/2 685/6/2
f 685/6/2 682/6/2 686/6/2
f 683/6/2 684/6/2 687/6/2
f 687/6/2 684/6/2 688/6/2
f 689/4/2 690/4/2 693/4/2
f 693/4/2 690/4/2 694/4/2
f 691/4/2 692/4/2 695/4/2
f 695/4/2 692/4/2 696/4/2
f 697/6/2 698/6/2 701/6/2
f 701/6/2 698/6/2 702/6/2
f 699/6/2 700/6/2 703/6/2
f 703/6/2 700/6/2 704/6/2
f 705/6/2 706/6/2 709/6/2
f 709/6/2 706/6/2 710/6/2
f 707/6/2 708/6/2 715/6/2
f 715/6/2 708/6/2 716/6/2
f 711/6/2 712/6/2 717/6/2
f 717/6/2 712/6/2 718/6/2
f 713/6/2 714/6/2 719/6/2
f 719/6/2 714/6/2 720/6/2
f 721/6/2 722/6/2 725/6/2
f 725/6/2 722/6/2 726/6/2
f 723/6/2 724/6/2 727/6/2
f 727/6/2 724/6/2 728/6/2
f 729/6/2 730/6/2 734/6/2
f 734/6/2 730/6/2 735/6/2
f 731/6/2 732/6/2 736/6/2
f 736/6/2 732/6/2 737/6/2
f 733/6/2 734/6/2 739/6/2
f 739/6/2 734/6/2 740/6/2
f 737/6/2 738/6/2 741/6/2
f 741/6/2 738/6/2 742/6/2
f 743/6/2 744/6/2 747/6/2
f 747/6/2 744/6/2 748/6/2
f 745/4/2 746/4/2 749/4/2
f 749/4/2 746/4/2 750/4/2
f 751/6/2 752/6/2 755/6/2
f 755/6/2 752/6/2 756/6/2
f 753/6/2 754/6/2 757/6/2
f 757/6/2 754/6/2 758/6/2
f 759/6/2 760/6/2 763/6/2
f 763/6/2 760/6/2 764/6/2
f 761/6/2 762/6/2 767/6/2
f 767/6/2 762/6/2 768/6/2
f 764/6/2 765/6/2 769/6/2
f 769/6/2 765/6/2 770/6/2
f 766/6/2 767/6/2 771/6/2
f 771/6/2 767/6/2 772/6/2
f 773/6/2 774/6/2 777/6/2
f 777/6/2 774/6/2 778/6/2
f 775/6/2 776/6/2 779/6/2
f 779/6/2 776/6/2 780/6/2
f 781/6/2 782/6/2 785/6/2
f 785/6/2 782/6/2 786/6/2
f 783/6/2 784/6/2 789/6/2
f 789/6/2 784/6/2 790/6/2
f 787/6/2 788/6/2 791/6/2
f 791/6/2 788/6/2 792/6/2
f 793/6/2 794/6/2 797/6/2
f 797/6/2 794/6/2 798/6/2
f 795/6/2 796/6/2 799/6/2
f 799/6/2 796/6/2 800/6/2
f 801/4/2 802/4/2 805/4/2
f 805/4/2 802/4/2 806/4/2
f 805/6/2 806/6/2 807/6/2
f 807/6/2 806/6/2 808/6/2
f 803/6/2 804/6/2 809/6/2
f 809/6/2 804/6/2 810/6/2
f 811/4/2 812/4/2 815/4/2
f 815/4/2 812/4/2 816/4/2
f 813/4/2 814/4/2 817/4/2
f 817/4/2 814/4/2 818/4/2
f 819/6/2 820/6/2 823/6/2
f 823/6/2 820/6/2 824/6/2
f 821/6/2 822/6/2 827/6/2
f 827/6/2 822/6/2 828/6/2
f 825/6/2 826/6/2 829/6/2
f 829/6/2 826/6/2 830/6/2
f 831/4/2 832/4/2 837/4/2
f 837/4/2 832/4/2 838/4/2
f 833/6/2 834/6/2 839/6/2
f 839/6/2 834/6/2 840/6/2
f 835/6/2 836/6/2 844/6/2
f 844/6/2 836/6/2 845/6/2
f 841/6/2 842/6/2 846/6/2
f 846/6/2 842/6/2 847/6/2
f 843/6/2 844/6/2 850/6/2
f 850/6/2 844/6/2 851/6/2
f 847/6/2 848/6/2 852/6/2
f 852/6/2 848/6/2 853/6/2
f 849/6/2 850/6/2 855/6/2
f 855/6/2 850/6/2 856/6/2
f 853/6/2 854/6/2 857/6/2
f 857/6/2 854/6/2 858/6/2
f 861/4/2 862/4/2 863/4/2
f 863/4/2 862/4/2 864/4/2
f 859/4/2 860/4/2 865/4/2
f 865/4/2 860/4/2 866/4/2
f 863/6/2 864/6/2 867/6/2
f 867/6/2 864/6/2 868/6/2
f 869/6/2 870/6/2 873/6/2
f 873/6/2 870/6/2 874/6/2
f 871/6/2 872/6/2 875/6/2
f 875/6/2 872/6/2 876/6/2
f 877/4/2 878/4/2 881/4/2
f 881/4/2 878/4/2 882/4/2
f 879/4/2 880/4/2 885/4/2
f 885/4/2 880/4/2 886/4/2
f 882/4/2 883/4/2 887/4/2
f 887/4/2 883/4/2 888/4/2
f 884/4/2 885/4/2 891/4/2
f 891/4/2 885/4/2 892/4/2
f 888/6/2 889/6/2 893/6/2
f 893/6/2 889/6/2 894/6/2
f 890/6/2 891/6/2 899/6/2
f 899/6/2 891/6/2 900/6/2
f 895/6/2 896/6/2 901/6/2
f 901/6/2 896/6/2 902/6/2
f 897/6/2 898/6/2 903/6/2
f 903/6/2 898/6/2 904/6/2
f 905/6/2 906/6/2 909/6/2
f 909/6/2 906/6/2 910/6/2
f 907/6/2 908/6/2 914/6/2
f 914/6/2 908/6/2 915/6/2
f 911/6/2 912/6/2 916/6/2
f 916/6/2 912/6/2 917/6/2
f 913/6/2 914/6/2 920/6/2
f 920/6/2 914/6/2 921/6/2
f 917/6/2 918/6/2 922/6/2
f 922/6/2 918/6/2 923/6/2
f 919/6/2 920/6/2 926/6/2
f 926/6/2 920/6/2 927/6/2
f 923/6/2 924/6/2 928/6/2
f 928/6/2 924/6/2 929/6/2
f 925/4/2 926/4/2 931/4/2
f 931/4/2 926/4/2 932/4/2
f 929/4/2 930/4/2 933/4/2
f 933/4/2 930/4/2 934/4/2
f 931/6/2 932/6/2 935/6/2
f 935/6/2 932/6/2 936/6/2
f 933/6/2 934/6/2 937/6/2
f 937/6/2 934/6/2 938/6/2
f 939/6/2 940/6/2 943/6/2
f 943/6/2 940/6/2 944/6/2
f 941/6/2 942/6/2 945/6/2
f 945/6/2 942/6/2 946/6/2
f 947/6/2 948/6/2 951/6/2
f 951/6/2 948/6/2 952/6/2
f 949/6/2 950/6/2 955/6/2
f 955/6/2 950/6/2 956/6/2
f 952/6/2 953/6/2 957/6/2
f 957/6/2 953/6/2 958/6/2
f 954/6/2 955/6/2 961/6/2
f 961/6/2 955/6/2 962/6/2
f 958/4/2 959/4/2 963/4/2
f 963/4/2 959/4/2 964/4/2
f 960/4/2 961/4/2 968/4/2
f 968/4/2 961/4/2 969/4/2
f 964/6/2 965/6/2 970/6/2
f 970/6/2 965/6/2 971/6/2
f 966/6/2 967/6/2 974/6/2
f 967/6/2 968/6/2 974/6/2
f 974/6/2 968/6/2 975/6/2
f 972/6/2 973/6/2 976/6/2
f 976/6/2 973/6/2 977/6/2
f 978/6/2 979/6/2 981/6/2
f 981/6/2 979/6/2 982/6/2
f 980/6/2 981/6/2 985/6/2
f 985/6/2 981/6/2 986/6/2
f 982/6/2 983/6/2 987/6/2
f 987/6/2 983/6/2 988/6/2
f 988/6/2 983/6/2 989/6/2
f 984/4/2 985/4/2 992/4/2
f 992/4/2 985/4/2 993/4/2
f 989/6/2 990/6/2 994/6/2
f 994/6/2 990/6/2 995/6/2
f 995/4/2 996/4/2 997/4/2
f 997/4/2 996/4/2 998/4/2
f 991/6/2 992/6/2 1000/6/2
f 1000/6/2 992/6/2 1001/6/2
f 997/6/2 998/6/2 1002/6/2
f 1002/6/2 998/6/2 1003/6/2
f 999/6/2 1000/6/2 1005/6/2
f 1005/6/2 1000/6/2 1006/6/2
f 1003/6/2 1004/6/2 1009/6/2
f 1009/6/2 1004/6/2 1010/6/2
f 1006/6/2 1007/6/2 1011/6/2
f 1011/6/2 1007/6/2 1012/6/2
f 1008/6/2 1009/6/2 1015/6/2
f 1015/6/2 1009/6/2 1016/6/2
f 1012/6/2 1013/6/2 1017/6/2
f 1017/6/2 1013/6/2 1018/6/2
f 1014/6/2 1015/6/2 1022/6/2
f 1022/6/2 1015/6/2 1023/6/2
f 1018/6/2 1019/6/2 1024/6/2
f 1024/6/2 1019/6/2 1025/6/2
f 1020/6/2 1021/6/2 1027/6/2
f 1021/4/2 1022/4/2 1028/4/2
f 1027/6/2 1021/6/2 1028/6/2
f 1028/4/2 1022/4/2 1029/4/2
f 1025/4/2 1026/4/2 1030/4/2
f 1026/6/2 1027/6/2 1031/6/2
f 1030/4/2 1026/4/2 1031/4/2
f 1031/6/2 1027/6/2 1032/6/2
f 1033/6/2 1034/6/2 1036/6/2
f 1036/6/2 1034/6/2 1037/6/2
f 1037/6/2 1034/6/2 1038/6/2
f 1038/6/2 1034/6/2 1039/6/2
f 1035/6/2 1036/6/2 1043/6/2
f 1036/6/2 1037/6/2 1043/6/2
f 1043/6/2 1037/6/2 1044/6/2
f 1044/6/2 1037/6/2 1045/6/2
f 1039/6/2 1040/6/2 1046/6/2
f 1038/6/2 1039/6/2 1046/6/2
f 1040/4/2 1041/4/2 1047/4/2
f 1046/6/2 1040/6/2 1047/6/2
f 1047/4/2 1041/4/2 1048/4/2
f 1043/6/2 1044/6/2 1050/6/2
f 1042/6/2 1043/6/2 1050/6/2
f 1050/6/2 1044/6/2 1051/6/2
f 1048/6/2 1049/6/2 1052/6/2
f 1047/6/2 1048/6/2 1052/6/2
f 1052/6/2 1049/6/2 1053/6/2
f 1042/6/2 1050/6/2 1055/6/2
f 1053/6/2 1049/6/2 1056/6/2
f 1054/6/2 1055/6/2 1058/6/2
f 1055/6/2 1050/6/2 1058/6/2
f 1058/6/2 1050/6/2 1059/6/2
f 1056/6/2 1057/6/2 1060/6/2
f 1053/6/2 1056/6/2 1060/6/2
f 1060/6/2 1057/6/2 1061/6/2
f 1054/6/2 1058/6/2 1062/6/2
f 1061/6/2 1057/6/2 1065/6/2
f 1062/6/2 1063/6/2 1066/6/2
f 1054/6/2 1062/6/2 1066/6/2
f 1066/6/2 1063/6/2 1067/6/2
f 1064/6/2 1065/6/2 1068/6/2
f 1065/6/2 1057/6/2 1068/6/2
f 1068/6/2 1057/6/2 1069/6/2
f 1067/6/2 1063/6/2 1070/6/2
f 1064/6/2 1068/6/2 1073/6/2
f 1070/6/2 1071/6/2 1074/6/2
f 1067/6/2 1070/6/2 1074/6/2
f 1074/6/2 1071/6/2 1075/6/2
f 1075/6/2 1071/6/2 1076/6/2
f 1072/6/2 1073/6/2 1080/6/2
f 1073/6/2 1068/6/2 1081/6/2
f 1080/6/2 1073/6/2 1081/6/2
f 1081/6/2 1068/6/2 1082/6/2
f 1075/6/2 1076/6/2 1083/6/2
f 1076/6/2 1077/6/2 1083/6/2
f 1077/4/2 1078/4/2 1084/4/2
f 1083/6/2 1077/6/2 1084/6/2
f 1084/4/2 1078/4/2 1085/4/2
f 1079/6/2 1080/6/2 1086/6/2
f 1080/6/2 1081/6/2 1086/6/2
f 1086/6/2 1081/6/2 1087/6/2
f 1087/6/2 1081/6/2 1088/6/2
f 1084/6/2 1085/6/2 1089/6/2
f 1086/6/2 1087/6/2 1089/6/2
f 1085/6/2 1086/6/2 1089/6/2
f 1089/6/2 1087/6/2 1090/6/2
f 1091/6/2 1092/6/2 1094/6/2
f 1094/6/2 1092/6/2 1095/6/2
f 1093/6/2 1094/6/2 1098/6/2
f 1095/6/2 1096/6/2 1098/6/2
f 1094/6/2 1095/6/2 1098/6/2
f 1098/6/2 1096/6/2 1099/6/2
f 1099/6/2 1096/6/2 1100/6/2
f 1100/6/2 1096/6/2 1101/6/2
f 1101/6/2 1096/6/2 1102/6/2
f 1102/6/2 1096/6/2 1103/6/2
f 1097/6/2 1098/6/2 1105/6/2
f 1098/6/2 1099/6/2 1105/6/2
f 1105/6/2 1099/6/2 1106/6/2
f 1101/4/2 1102/4/2 1107/4/2
f 1103/6/2 1104/6/2 1108/6/2
f 1107/4/2 1102/4/2 1108/4/2
f 1102/6/2 1103/6/2 1108/6/2
f 1097/6/2 1105/6/2 1110/6/2
f 1110/6/2 1105/6/2 1111/6/2
f 1111/6/2 1105/6/2 1112/6/2
f 1108/6/2 1104/6/2 1113/6/2
f 1113/6/2 1104/6/2 1114/6/2
f 1114/6/2 1104/6/2 1115/6/2
f 1109/6/2 1110/6/2 1117/6/2
f 1110/6/2 1111/6/2 1117/6/2
f 1117/6/2 1111/6/2 1118/6/2
f 1118/6/2 1111/6/2 1119/6/2
f 1115/6/2 1116/6/2 1122/6/2
f 1114/6/2 1115/6/2 1122/6/2
f 1122/6/2 1116/6/2 1123/6/2
f 1123/6/2 1116/6/2 1124/6/2
f 1119/4/2 1120/4/2 1125/4/2
f 1122/6/2 1123/6/2 1128/6/2
f 1121/6/2 1122/6/2 1128/6/2
f 1118/6/2 1119/6/2 1129/6/2
f 1125/4/2 1126/4/2 1130/4/2
f 1129/6/2 1119/6/2 1130/6/2
f 1119/4/2 1125/4/2 1130/4/2
f 1130/4/2 1126/4/2 1131/4/2
f 1127/6/2 1128/6/2 1133/6/2
f 1128/6/2 1123/6/2 1134/6/2
f 1133/6/2 1128/6/2 1134/6/2
f 1134/6/2 1123/6/2 1135/6/2
f 1131/4/2 1132/4/2 1136/4/2
f 1130/4/2 1131/4/2 1136/4/2
f 1136/4/2 1132/4/2 1137/4/2
f 1132/6/2 1133/6/2 1138/6/2
f 1137/4/2 1132/4/2 1138/4/2
f 1133/6/2 1134/6/2 1138/6/2
f 1138/6/2 1134/6/2 1139/6/2
f 1139/6/2 1134/6/2 1140/6/2
f 1137/6/2 1138/6/2 1141/6/2
f 1138/6/2 1139/6/2 1141/6/2
f 1141/6/2 1139/6/2 1142/6/2
f 1143/6/2 1144/6/2 1147/6/2
f 1144/4/2 1145/4/2 1148/4/2
f 1146/6/2 1147/6/2 1151/6/2
f 1148/4/2 1149/4/2 1152/4/2
f 1147/6/2 1144/6/2 1152/6/2
f 1151/6/2 1147/6/2 1152/6/2
f 1144/4/2 1148/4/2 1152/4/2
f 1152/4/2 1149/4/2 1153/4/2
f 1150/6/2 1151/6/2 1155/6/2
f 1153/6/2 1154/6/2 1155/6/2
f 1152/6/2 1153/6/2 1155/6/2
f 1151/6/2 1152/6/2 1155/6/2
f 1155/6/2 1154/6/2 1156/6/2
f 1150/6/2 1155/6/2 1157/6/2
f 1155/4/2 1156/4/2 1158/4/2
f 1157/6/2 1155/6/2 1158/6/2
f 1150/6/2 1157/6/2 1159/6/2
f 1157/4/2 1158/4/2 1160/4/2
f 1159/6/2 1157/6/2 1160/6/2
f 1158/4/2 1156/4/2 1161/4/2
f 1160/4/2 1158/4/2 1161/4/2
f 1156/6/2 1154/6/2 1162/6/2
f 1161/4/2 1156/4/2 1162/4/2
f 1150/6/2 1159/6/2 1163/6/2
f 1160/4/2 1161/4/2 1164/4/2
f 1163/6/2 1159/6/2 1164/6/2
f 1159/4/2 1160/4/2 1164/4/2
f 1161/6/2 1162/6/2 1165/6/2
f 1162/6/2 1154/6/2 1165/6/2
f 1165/6/2 1154/6/2 1166/6/2
f 1164/4/2 1161/4/2 1167/4/2
f 1167/4/2 1161/4/2 1168/4/2
f 1168/4/2 1161/4/2 1169/4/2
f 1161/6/2 1165/6/2 1170/6/2
f 1169/4/2 1161/4/2 1170/4/2
f 1170/6/2 1165/6/2 1171/6/2
f 1171/6/2 1165/6/2 1172/6/2
f 1168/4/2 1169/4/2 1173/4/2
f 1170/6/2 1171/6/2 1174/6/2
f 1173/4/2 1169/4/2 1174/4/2
f 1169/6/2 1170/6/2 1174/6/2
f 1174/6/2 1171/6/2 1175/6/2
f 1178/2/3 1177/2/3 1176/2/3
f 1179/2/3 1177/2/3 1178/2/3
f 1180/2/3 1178/2/3 1176/2/3
f 1181/3/3 1179/3/3 1178/3/3
f 1181/2/3 1178/2/3 1180/2/3
f 1182/3/3 1179/3/3 1181/3/3
f 1186/6/3 1184/6/3 1183/6/3
f 1187/6/3 1184/6/3 1186/6/3
f 1188/6/3 1184/6/3 1187/6/3
f 1191/4/3 1186/4/3 1185/4/3
f 1191/4/3 1187/4/3 1186/4/3
f 1192/6/3 1188/6/3 1187/6/3
f 1192/4/3 1187/4/3 1191/4/3
f 1193/6/3 1188/6/3 1192/6/3
f 1194/4/3 1189/4/3 1188/4/3
f 1198/6/3 1191/6/3 1190/6/3
f 1198/6/3 1192/6/3 1191/6/3
f 1198/4/3 1193/4/3 1192/4/3
f 1199/4/3 1193/4/3 1198/4/3
f 1200/6/3 1188/6/3 1193/6/3
f 1200/4/3 1193/4/3 1199/4/3
f 1201/4/3 1194/4/3 1188/4/3
f 1201/6/3 1188/6/3 1200/6/3
f 1202/6/3 1195/6/3 1194/6/3
f 1202/4/3 1194/4/3 1201/4/3
f 1203/3/3 1197/3/3 1196/3/3
f 1204/3/3 1197/3/3 1203/3/3
f 1205/4/3 1201/4/3 1200/4/3
f 1205/4/3 1200/4/3 1199/4/3
f 1205/6/3 1202/6/3 1201/6/3
f 1206/6/3 1195/6/3 1202/6/3
f 1206/6/3 1202/6/3 1205/6/3
f 1207/6/3 1199/6/3 1198/6/3
f 1207/6/3 1198/6/3 1190/6/3
f 1208/4/3 1205/4/3 1199/4/3
f 1208/6/3 1199/6/3 1207/6/3
f 1208/4/3 1206/4/3 1205/4/3
f 1209/6/3 1195/6/3 1206/6/3
f 1209/4/3 1206/4/3 1208/4/3
f 1210/6/3 1195/6/3 1209/6/3
f 1211/6/3 1207/6/3 1190/6/3
f 1212/6/3 1207/6/3 1211/6/3
f 1213/6/3 1207/6/3 1212/6/3
f 1214/4/3 1208/4/3 1207/4/3
f 1214/6/3 1207/6/3 1213/6/3
f 1215/6/3 1209/6/3 1208/6/3
f 1215/4/3 1210/4/3 1209/4/3
f 1216/4/3 1210/4/3 1215/4/3
f 1217/6/3 1213/6/3 1212/6/3
f 1218/4/3 1214/4/3 1213/4/3
f 1218/6/3 1213/6/3 1217/6/3
f 1219/4/3 1208/4/3 1214/4/3
f 1219/4/3 1214/4/3 1218/4/3
f 1220/6/3 1215/6/3 1208/6/3
f 1220/4/3 1208/4/3 1219/4/3
f 1221/6/3 1215/6/3 1220/6/3
f 1222/6/3 1215/6/3 1221/6/3
f 1223/4/3 1219/4/3 1218/4/3
f 1224/6/3 1221/6/3 1220/6/3
f 1224/4/3 1219/4/3 1223/4/3
f 1224/6/3 1220/6/3 1219/6/3
f 1225/6/3 1221/6/3 1224/6/3
f 1229/6/3 1227/6/3 1226/6/3
f 1230/6/3 1227/6/3 1229/6/3
f 1233/6/3 1229/6/3 1228/6/3
f 1233/6/3 1231/6/3 1230/6/3
f 1233/6/3 1230/6/3 1229/6/3
f 1234/6/3 1231/6/3 1233/6/3
f 1235/6/3 1231/6/3 1234/6/3
f 1236/6/3 1231/6/3 1235/6/3
f 1237/6/3 1231/6/3 1236/6/3
f 1239/6/3 1233/6/3 1232/6/3
f 1239/4/3 1234/4/3 1233/4/3
f 1240/4/3 1234/4/3 1239/4/3
f 1241/4/3 1234/4/3 1240/4/3
f 1242/6/3 1236/6/3 1235/6/3
f 1243/4/3 1238/4/3 1237/4/3
f 1243/6/3 1236/6/3 1242/6/3
f 1243/4/3 1237/4/3 1236/4/3
f 1244/4/3 1238/4/3 1243/4/3
f 1245/4/3 1238/4/3 1244/4/3
f 1249/6/3 1240/6/3 1239/6/3
f 1249/6/3 1239/6/3 1232/6/3
f 1250/6/3 1240/6/3 1249/6/3
f 1251/6/3 1240/6/3 1250/6/3
f 1252/4/3 1244/4/3 1243/4/3
f 1253/6/3 1245/6/3 1244/6/3
f 1253/4/3 1244/4/3 1252/4/3
f 1254/6/3 1245/6/3 1253/6/3
f 1256/3/3 1247/3/3 1246/3/3
f 1257/3/3 1247/3/3 1256/3/3
f 1258/6/3 1255/6/3 1254/6/3
f 1258/6/3 1254/6/3 1253/6/3
f 1259/6/3 1255/6/3 1258/6/3
f 1260/6/3 1249/6/3 1248/6/3
f 1260/6/3 1250/6/3 1249/6/3
f 1261/6/3 1250/6/3 1260/6/3
f 1262/6/3 1250/6/3 1261/6/3
f 1265/4/3 1259/4/3 1258/4/3
f 1266/6/3 1255/6/3 1259/6/3
f 1266/4/3 1259/4/3 1265/4/3
f 1267/6/3 1255/6/3 1266/6/3
f 1268/6/3 1263/6/3 1262/6/3
f 1268/6/3 1262/6/3 1261/6/3
f 1271/6/3 1265/6/3 1264/6/3
f 1272/6/3 1268/6/3 1261/6/3
f 1273/6/3 1268/6/3 1272/6/3
f 1274/4/3 1269/4/3 1268/4/3
f 1274/6/3 1268/6/3 1273/6/3
f 1275/4/3 1269/4/3 1274/4/3
f 1277/6/3 1271/6/3 1270/6/3
f 1278/4/3 1266/4/3 1265/4/3
f 1278/6/3 1265/6/3 1271/6/3
f 1278/6/3 1271/6/3 1277/6/3
f 1279/4/3 1266/4/3 1278/4/3
f 1280/4/3 1274/4/3 1273/4/3
f 1280/4/3 1275/4/3 1274/4/3
f 1281/6/3 1277/6/3 1276/6/3
f 1281/4/3 1275/4/3 1280/4/3
f 1281/6/3 1276/6/3 1275/6/3
f 1281/6/3 1278/6/3 1277/6/3
f 1282/6/3 1278/6/3 1281/6/3
f 1283/6/3 1278/6/3 1282/6/3
f 1284/6/3 1282/6/3 1281/6/3
f 1285/6/3 1282/6/3 1284/6/3
f 1289/6/3 1287/6/3 1286/6/3
f 1290/6/3 1287/6/3 1289/6/3
f 1291/6/3 1287/6/3 1290/6/3
f 1292/6/3 1287/6/3 1291/6/3
f 1295/6/3 1289/6/3 1288/6/3
f 1295/6/3 1290/6/3 1289/6/3
f 1296/6/3 1290/6/3 1295/6/3
f 1297/6/3 1290/6/3 1296/6/3
f 1298/6/3 1292/6/3 1291/6/3
f 1298/6/3 1293/6/3 1292/6/3
f 1299/6/3 1293/6/3 1298/6/3
f 1300/6/3 1293/6/3 1299/6/3
f 1302/4/3 1296/4/3 1295/4/3
f 1302/4/3 1295/4/3 1294/4/3
f 1303/4/3 1296/4/3 1302/4/3
f 1304/4/3 1296/4/3 1303/4/3
f 1305/4/3 1301/4/3 1300/4/3
f 1305/4/3 1300/4/3 1299/4/3
f 1306/4/3 1301/4/3 1305/4/3
f 1307/4/3 1301/4/3 1306/4/3
f 1311/6/3 1303/6/3 1302/6/3
f 1312/6/3 1307/6/3 1306/6/3
f 1313/6/3 1307/6/3 1312/6/3
f 1315/1/3 1309/1/3 1308/1/3
f 1316/1/3 1309/1/3 1315/1/3
f 1317/6/3 1311/6/3 1310/6/3
f 1317/6/3 1303/6/3 1311/6/3
f 1318/6/3 1303/6/3 1317/6/3
f 1319/6/3 1314/6/3 1313/6/3
f 1319/6/3 1313/6/3 1312/6/3
f 1320/6/3 1314/6/3 1319/6/3
f 1321/1/3 1309/1/3 1316/1/3
f 1322/1/3 1309/1/3 1321/1/3
f 1323/6/3 1317/6/3 1310/6/3
f 1326/6/3 1314/6/3 1320/6/3
f 1327/6/3 1324/6/3 1323/6/3
f 1327/6/3 1323/6/3 1310/6/3
f 1328/6/3 1324/6/3 1327/6/3
f 1329/6/3 1326/6/3 1325/6/3
f 1330/6/3 1314/6/3 1326/6/3
f 1330/6/3 1326/6/3 1329/6/3
f 1331/6/3 1314/6/3 1330/6/3
f 1332/6/3 1324/6/3 1328/6/3
f 1335/4/3 1330/4/3 1329/4/3
f 1336/6/3 1333/6/3 1332/6/3
f 1336/6/3 1332/6/3 1328/6/3
f 1337/6/3 1333/6/3 1336/6/3
f 1338/6/3 1333/6/3 1337/6/3
f 1341/6/3 1335/6/3 1334/6/3
f 1342/4/3 1330/4/3 1335/4/3
f 1342/6/3 1335/6/3 1341/6/3
f 1343/4/3 1330/4/3 1342/4/3
f 1344/4/3 1338/4/3 1337/4/3
f 1345/6/3 1339/6/3 1338/6/3
f 1345/4/3 1338/4/3 1344/4/3
f 1346/6/3 1339/6/3 1345/6/3
f 1347/6/3 1339/6/3 1346/6/3
f 1348/6/3 1341/6/3 1340/6/3
f 1348/6/3 1342/6/3 1341/6/3
f 1349/6/3 1342/6/3 1348/6/3
f 1350/6/3 1342/6/3 1349/6/3
f 1351/6/3 1347/6/3 1346/6/3
f 1351/6/3 1349/6/3 1348/6/3
f 1351/6/3 1348/6/3 1347/6/3
f 1352/6/3 1349/6/3 1351/6/3
f 1356/6/3 1354/6/3 1353/6/3
f 1357/6/3 1354/6/3 1356/6/3
f 1360/6/3 1356/6/3 1355/6/3
f 1361/6/3 1356/6/3 1360/6/3
f 1362/6/3 1358/6/3 1357/6/3
f 1363/6/3 1358/6/3 1362/6/3
f 1366/4/3 1360/4/3 1359/4/3
f 1367/4/3 1360/4/3 1366/4/3
f 1368/4/3 1364/4/3 1363/4/3
f 1369/4/3 1364/4/3 1368/4/3
f 1373/6/3 1366/6/3 1365/6/3
f 1374/6/3 1370/6/3 1369/6/3
f 1375/1/3 1372/1/3 1371/1/3
f 1376/1/3 1372/1/3 1375/1/3
f 1378/6/3 1373/6/3 1365/6/3
f 1379/6/3 1373/6/3 1378/6/3
f 1380/6/3 1370/6/3 1374/6/3
f 1381/6/3 1370/6/3 1380/6/3
f 1383/1/3 1372/1/3 1376/1/3
f 1384/1/3 1372/1/3 1383/1/3
f 1385/6/3 1378/6/3 1377/6/3
f 1386/6/3 1378/6/3 1385/6/3
f 1389/6/3 1382/6/3 1381/6/3
f 1390/6/3 1382/6/3 1389/6/3
f 1391/6/3 1389/6/3 1388/6/3
f 1392/6/3 1389/6/3 1391/6/3
f 1393/6/3 1387/6/3 1386/6/3
f 1394/6/3 1387/6/3 1393/6/3
f 1397/4/3 1392/4/3 1391/4/3
f 1398/4/3 1392/4/3 1397/4/3
f 1399/6/3 1395/6/3 1394/6/3
f 1400/6/3 1395/6/3 1399/6/3
f 1404/6/3 1397/6/3 1396/6/3
f 1405/6/3 1397/6/3 1404/6/3
f 1406/6/3 1402/6/3 1401/6/3
f 1406/6/3 1401/6/3 1400/6/3
f 1407/6/3 1402/6/3 1406/6/3
f 1408/6/3 1404/6/3 1403/6/3
f 1409/6/3 1404/6/3 1408/6/3
f 1410/6/3 1408/6/3 1407/6/3
f 1411/6/3 1408/6/3 1410/6/3
f 1416/6/3 1413/6/3 1412/6/3
f 1417/6/3 1413/6/3 1416/6/3
f 1421/6/3 1415/6/3 1414/6/3
f 1422/6/3 1415/6/3 1421/6/3
f 1423/6/3 1419/6/3 1418/6/3
f 1424/6/3 1419/6/3 1423/6/3
f 1427/6/3 1421/6/3 1420/6/3
f 1428/6/3 1421/6/3 1427/6/3
f 1429/6/3 1425/6/3 1424/6/3
f 1430/6/3 1425/6/3 1429/6/3
f 1433/4/3 1427/4/3 1426/4/3
f 1434/4/3 1427/4/3 1433/4/3
f 1435/6/3 1431/6/3 1430/6/3
f 1436/6/3 1431/6/3 1435/6/3
f 1438/6/3 1433/6/3 1432/6/3
f 1439/6/3 1433/6/3 1438/6/3
f 1440/6/3 1437/6/3 1436/6/3
f 1441/6/3 1437/6/3 1440/6/3
f 1446/6/3 1443/6/3 1442/6/3
f 1447/6/3 1443/6/3 1446/6/3
f 1448/6/3 1445/6/3 1444/6/3
f 1449/6/3 1445/6/3 1448/6/3
f 1454/6/3 1453/6/3 1452/6/3
f 1455/6/3 1451/6/3 1450/6/3
f 1456/6/3 1451/6/3 1455/6/3
f 1459/6/3 1453/6/3 1454/6/3
f 1460/6/3 1453/6/3 1459/6/3
f 1461/6/3 1457/6/3 1456/6/3
f 1462/6/3 1457/6/3 1461/6/3
f 1465/4/3 1459/4/3 1458/4/3
f 1466/4/3 1459/4/3 1465/4/3
f 1467/4/3 1463/4/3 1462/4/3
f 1468/4/3 1463/4/3 1467/4/3
f 1471/6/3 1465/6/3 1464/6/3
f 1472/6/3 1465/6/3 1471/6/3
f 1473/6/3 1469/6/3 1468/6/3
f 1474/6/3 1469/6/3 1473/6/3
f 1477/6/3 1471/6/3 1470/6/3
f 1478/6/3 1471/6/3 1477/6/3
f 1479/6/3 1476/6/3 1475/6/3
f 1480/6/3 1476/6/3 1479/6/3
f 1487/6/3 1482/6/3 1481/6/3
f 1488/6/3 1482/6/3 1487/6/3
f 1489/6/3 1484/6/3 1483/6/3
f 1490/6/3 1484/6/3 1489/6/3
f 1494/6/3 1486/6/3 1485/6/3
f 1495/6/3 1486/6/3 1494/6/3
f 1496/6/3 1492/6/3 1491/6/3
f 1497/6/3 1492/6/3 1496/6/3
f 1500/4/3 1494/4/3 1493/4/3
f 1501/4/3 1494/4/3 1500/4/3
f 1502/4/3 1498/4/3 1497/4/3
f 1503/4/3 1498/4/3 1502/4/3
f 1505/6/3 1500/6/3 1499/6/3
f 1506/6/3 1500/6/3 1505/6/3
f 1507/6/3 1504/6/3 1503/6/3
f 1508/6/3 1504/6/3 1507/6/3
f 1513/6/3 1510/6/3 1509/6/3
f 1514/6/3 1510/6/3 1513/6/3
f 1515/6/3 1512/6/3 1511/6/3
f 1516/6/3 1512/6/3 1515/6/3
f 1521/6/3 1518/6/3 1517/6/3
f 1522/6/3 1518/6/3 1521/6/3
f 1523/6/3 1520/6/3 1519/6/3
f 1524/6/3 1520/6/3 1523/6/3
f 1529/6/3 1526/6/3 1525/6/3
f 1530/6/3 1526/6/3 1529/6/3
f 1533/6/3 1528/6/3 1527/6/3
f 1534/6/3 1528/6/3 1533/6/3
f 1535/6/3 1531/6/3 1530/6/3
f 1536/6/3 1531/6/3 1535/6/3
f 1539/6/3 1533/6/3 1532/6/3
f 1540/6/3 1533/6/3 1539/6/3
f 1541/6/3 1537/6/3 1536/6/3
f 1542/6/3 1537/6/3 1541/6/3
f 1547/6/3 1539/6/3 1538/6/3
f 1548/6/3 1539/6/3 1547/6/3
f 1549/6/3 1544/6/3 1543/6/3
f 1550/6/3 1544/6/3 1549/6/3
f 1551/6/3 1546/6/3 1545/6/3
f 1552/6/3 1546/6/3 1551/6/3
f 1557/6/3 1554/6/3 1553/6/3
f 1558/6/3 1554/6/3 1557/6/3
f 1561/6/3 1556/6/3 1555/6/3
f 1562/6/3 1556/6/3 1561/6/3
f 1563/6/3 1560/6/3 1559/6/3
f 1564/6/3 1560/6/3 1563/6/3
f 1571/6/3 1566/6/3 1565/6/3
f 1572/6/3 1566/6/3 1571/6/3
f 1573/6/3 1568/6/3 1567/6/3
f 1574/6/3 1568/6/3 1573/6/3
f 1575/1/3 1570/1/3 1569/1/3
f 1576/1/3 1570/1/3 1575/1/3
f 1578/5/3 1576/5/3 1575/5/3
f 1579/5/3 1576/5/3 1578/5/3
f 1584/5/3 1578/5/3 1577/5/3
f 1585/1/3 1579/1/3 1578/1/3
f 1585/5/3 1578/5/3 1584/5/3
f 1586/1/3 1579/1/3 1585/1/3
f 1587/6/3 1581/6/3 1580/6/3
f 1588/6/3 1581/6/3 1587/6/3
f 1589/6/3 1583/6/3 1582/6/3
f 1590/6/3 1583/6/3 1589/6/3
f 1595/4/3 1592/4/3 1591/4/3
f 1596/4/3 1592/4/3 1595/4/3
f 1597/6/3 1594/6/3 1593/6/3
f 1598/6/3 1594/6/3 1597/6/3
f 1603/6/3 1600/6/3 1599/6/3
f 1604/6/3 1600/6/3 1603/6/3
f 1607/4/3 1602/4/3 1601/4/3
f 1608/4/3 1602/4/3 1607/4/3
f 1609/6/3 1606/6/3 1605/6/3
f 1610/6/3 1606/6/3 1609/6/3
f 1615/4/3 1612/4/3 1611/4/3
f 1616/4/3 1612/4/3 1615/4/3
f 1617/6/3 1614/6/3 1613/6/3
f 1618/6/3 1614/6/3 1617/6/3
f 1624/6/3 1620/6/3 1619/6/3
f 1625/6/3 1620/6/3 1624/6/3
f 1626/6/3 1622/6/3 1621/6/3
f 1627/6/3 1622/6/3 1626/6/3
f 1629/4/3 1624/4/3 1623/4/3
f 1630/4/3 1624/4/3 1629/4/3
f 1631/6/3 1628/6/3 1627/6/3
f 1632/6/3 1628/6/3 1631/6/3
f 1637/6/3 1634/6/3 1633/6/3
f 1638/6/3 1634/6/3 1637/6/3
f 1639/6/3 1636/6/3 1635/6/3
f 1640/6/3 1636/6/3 1639/6/3
f 1644/1/3 1643/1/3 1642/1/3
f 1644/1/3 1642/1/3 1641/1/3
f 1645/1/3 1643/1/3 1644/1/3
f 1650/6/3 1647/6/3 1646/6/3
f 1651/6/3 1647/6/3 1650/6/3
f 1652/6/3 1649/6/3 1648/6/3
f 1653/6/3 1649/6/3 1652/6/3
f 1658/6/3 1655/6/3 1654/6/3
f 1659/6/3 1655/6/3 1658/6/3
f 1662/4/3 1657/4/3 1656/4/3
f 1663/4/3 1657/4/3 1662/4/3
f 1664/6/3 1660/6/3 1659/6/3
f 1665/6/3 1660/6/3 1664/6/3
f 1666/6/3 1662/6/3 1661/6/3
f 1667/6/3 1662/6/3 1666/6/3
f 1672/6/3 1669/6/3 1668/6/3
f 1673/6/3 1669/6/3 1672/6/3
f 1674/4/3 1671/4/3 1670/4/3
f 1675/4/3 1671/4/3 1674/4/3
f 1682/4/3 1677/4/3 1676/4/3
f 1683/4/3 1677/4/3 1682/4/3
f 1684/6/3 1679/6/3 1678/6/3
f 1685/6/3 1679/6/3 1684/6/3
f 1688/6/3 1681/6/3 1680/6/3
f 1689/6/3 1681/6/3 1688/6/3
f 1690/6/3 1687/6/3 1686/6/3
f 1691/6/3 1687/6/3 1690/6/3
f 1696/6/3 1693/6/3 1692/6/3
f 1697/6/3 1693/6/3 1696/6/3
f 1698/6/3 1695/6/3 1694/6/3
f 1699/6/3 1695/6/3 1698/6/3
f 1704/6/3 1701/6/3 1700/6/3
f 1705/6/3 1701/6/3 1704/6/3
f 1706/6/3 1703/6/3 1702/6/3
f 1707/6/3 1703/6/3 1706/6/3
f 1711/1/3 1709/1/3 1708/1/3
f 1712/1/3 1709/1/3 1711/1/3
f 1714/1/3 1711/1/3 1710/1/3
f 1714/1/3 1712/1/3 1711/1/3
f 1715/5/3 1713/5/3 1712/5/3
f 1715/1/3 1712/1/3 1714/1/3
f 1716/5/3 1713/5/3 1715/5/3
f 1721/6/3 1718/6/3 1717/6/3
f 1722/6/3 1718/6/3 1721/6/3
f 1723/6/3 1720/6/3 1719/6/3
f 1724/6/3 1720/6/3 1723/6/3
f 1729/6/3 1726/6/3 1725/6/3
f 1730/6/3 1726/6/3 1729/6/3
f 1731/6/3 1728/6/3 1727/6/3
f 1732/6/3 1728/6/3 1731/6/3
f 1737/6/3 1734/6/3 1733/6/3
f 1738/6/3 1734/6/3 1737/6/3
f 1743/6/3 1736/6/3 1735/6/3
f 1744/6/3 1736/6/3 1743/6/3
f 1745/6/3 1740/6/3 1739/6/3
f 1746/6/3 1740/6/3 1745/6/3
f 1747/4/3 1742/4/3 1741/4/3
f 1748/4/3 1742/4/3 1747/4/3
f 1753/1/3 1750/1/3 1749/1/3
f 1754/1/3 1750/1/3 1753/1/3
f 1755/1/3 1752/1/3 1751/1/3
f 1756/5/3 1753/5/3 1752/5/3
f 1756/1/3 1752/1/3 1755/1/3
f 1757/5/3 1753/5/3 1756/5/3
f 1759/1/3 1755/1/3 1751/1/3
f 1760/5/3 1756/5/3 1755/5/3
f 1760/1/3 1755/1/3 1759/1/3
f 1761/1/3 1758/1/3 1757/1/3
f 1761/5/3 1756/5/3 1760/5/3
f 1761/1/3 1757/1/3 1756/1/3
f 1762/1/3 1758/1/3 1761/1/3
f 1763/3/4 1764/3/4 1765/3/4
f 1765/3/4 1764/3/4 1766/3/4
f 1765/2/4 1766/2/4 1767/2/4
f 1767/2/4 1766/2/4 1768/2/4
f 1769/3/4 1770/3/4 1771/3/4
f 1769/3/4 1771/3/4 1772/3/4
f 1772/3/4 1771/3/4 1773/3/4
f 1774/1/4 1775/1/4 1776/1/4
f 1776/1/4 1775/1/4 1777/1/4
f 1778/5/4 1779/5/4 1780/5/4
f 1780/5/4 1779/5/4 1781/5/4
f 1780/1/4 1781/1/4 1783/1/4
f 1781/1/4 1782/1/4 1783/1/4
f 1783/1/4 1782/1/4 1784/1/4
f 1785/1/4 1786/1/4 1787/1/4
f 1787/1/4 1786/1/4 1788/1/4
f 1789/1/4 1790/1/4 1791/1/4
f 1791/1/4 1790/1/4 1792/1/4
f 1792/1/4 1790/1/4 1793/1/4
f 1794/5/4 1795/5/4 1797/5/4
f 1795/1/4 1796/1/4 1798/1/4
f 1797/5/4 1795/5/4 1798/5/4
f 1798/1/4 1796/1/4 1799/1/4
f 1800/5/4 1801/5/4 1803/5/4
f 1801/1/4 1802/1/4 1804/1/4
f 1803/5/4 1801/5/4 1804/5/4
f 1804/1/4 1802/1/4 1805/1/4
f 1804/5/4 1805/5/4 1806/5/4
f 1806/5/4 1805/5/4 1807/5/4
f 1808/1/4 1809/1/4 1810/1/4
f 1810/1/4 1809/1/4 1811/1/4
f 1811/1/4 1809/1/4 1812/1/4
f 1811/5/4 1812/5/4 1813/5/4
f 1812/1/4 1809/1/4 1814/1/4
f 1813/5/4 1812/5/4 1814/5/4
f 1814/1/4 1809/1/4 1815/1/4
f 1816/5/4 1817/5/4 1820/5/4
f 1817/1/4 1818/1/4 1821/1/4
f 1820/5/4 1817/5/4 1821/5/4
f 1821/1/4 1818/1/4 1822/1/4
f 1818/5/4 1819/5/4 1823/5/4
f 1822/1/4 1818/1/4 1823/1/4
f 1823/5/4 1819/5/4 1824/5/4
f 1820/1/4 1821/1/4 1825/1/4
f 1821/5/4 1822/5/4 1826/5/4
f 1825/1/4 1821/1/4 1826/1/4
f 1822/1/4 1823/1/4 1827/1/4
f 1826/5/4 1822/5/4 1827/5/4
f 1823/1/4 1824/1/4 1827/1/4
f 1827/1/4 1824/1/4 1828/1/4
f 1829/6/4 1830/6/4 1835/6/4
f 1835/6/4 1830/6/4 1836/6/4
f 1831/4/4 1832/4/4 1837/4/4
f 1837/4/4 1832/4/4 1838/4/4
f 1833/6/4 1834/6/4 1841/6/4
f 1841/6/4 1834/6/4 1842/6/4
f 1839/4/4 1840/4/4 1843/4/4
f 1843/4/4 1840/4/4 1844/4/4
f 1845/6/4 1846/6/4 1849/6/4
f 1849/6/4 1846/6/4 1850/6/4
f 1847/6/4 1848/6/4 1851/6/4
f 1851/6/4 1848/6/4 1852/6/4
f 1853/6/4 1854/6/4 1857/6/4
f 1857/6/4 1854/6/4 1858/6/4
f 1855/6/4 1856/6/4 1859/6/4
f 1859/6/4 1856/6/4 1860/6/4
f 1861/6/4 1862/6/4 1865/6/4
f 1865/6/4 1862/6/4 1866/6/4
f 1863/6/4 1864/6/4 1867/6/4
f 1867/6/4 1864/6/4 1868/6/4
f 1869/6/4 1870/6/4 1873/6/4
f 1873/6/4 1870/6/4 1874/6/4
f 1871/6/4 1872/6/4 1875/6/4
f 1875/6/4 1872/6/4 1876/6/4
f 1877/6/4 1878/6/4 1881/6/4
f 1881/6/4 1878/6/4 1882/6/4
f 1879/6/4 1880/6/4 1887/6/4
f 1887/6/4 1880/6/4 1888/6/4
f 1883/4/4 1884/4/4 1889/4/4
f 1889/4/4 1884/4/4 1890/4/4
f 1885/6/4 1886/6/4 1891/6/4
f 1891/6/4 1886/6/4 1892/6/4
f 1893/6/4 1894/6/4 1897/6/4
f 1897/6/4 1894/6/4 1898/6/4
f 1895/4/4 1896/4/4 1899/4/4
f 1899/4/4 1896/4/4 1900/4/4
f 1901/6/4 1902/6/4 1906/6/4
f 1906/6/4 1902/6/4 1907/6/4
f 1903/6/4 1904/6/4 1908/6/4
f 1908/6/4 1904/6/4 1909/6/4
f 1905/6/4 1906/6/4 1911/6/4
f 1911/6/4 1906/6/4 1912/6/4
f 1909/6/4 1910/6/4 1913/6/4
f 1913/6/4 1910/6/4 1914/6/4
f 1915/4/4 1916/4/4 1919/4/4
f 1919/4/4 1916/4/4 1920/4/4
f 1917/6/4 1918/6/4 1921/6/4
f 1921/6/4 1918/6/4 1922/6/4
f 1923/6/4 1924/6/4 1927/6/4
f 1927/6/4 1924/6/4 1928/6/4
f 1925/6/4 1926/6/4 1929/6/4
f 1929/6/4 1926/6/4 1930/6/4
f 1931/6/4 1932/6/4 1935/6/4
f 1935/6/4 1932/6/4 1936/6/4
f 1933/6/4 1934/6/4 1939/6/4
f 1939/6/4 1934/6/4 1940/6/4
f 1936/6/4 1937/6/4 1941/6/4
f 1941/6/4 1937/6/4 1942/6/4
f 1938/6/4 1939/6/4 1943/6/4
f 1943/6/4 1939/6/4 1944/6/4
f 1945/4/4 1946/4/4 1949/4/4
f 1949/4/4 1946/4/4 1950/4/4
f 1947/6/4 1948/6/4 1951/6/4
f 1951/6/4 1948/6/4 1952/6/4
f 1953/6/4 1954/6/4 1957/6/4
f 1957/6/4 1954/6/4 1958/6/4
f 1955/6/4 1956/6/4 1961/6/4
f 1961/6/4 1956/6/4 1962/6/4
f 1959/4/4 1960/4/4 1963/4/4
f 1963/4/4 1960/4/4 1964/4/4
f 1965/6/4 1966/6/4 1969/6/4
f 1969/6/4 1966/6/4 1970/6/4
f 1967/6/4 1968/6/4 1971/6/4
f 1971/6/4 1968/6/4 1972/6/4
f 1973/4/4 1974/4/4 1977/4/4
f 1977/4/4 1974/4/4 1978/4/4
f 1977/6/4 1978/6/4 1979/6/4
f 1979/6/4 1978/6/4 1980/6/4
f 1975/6/4 1976/6/4 1981/6/4
f 1981/6/4 1976/6/4 1982/6/4
f 1983/6/4 1984/6/4 1987/6/4
f 1987/6/4 1984/6/4 1988/6/4
f 1985/6/4 1986/6/4 1989/6/4
f 1989/6/4 1986/6/4 1990/6/4
f 1991/6/4 1992/6/4 1995/6/4
f 1995/6/4 1992/6/4 1996/6/4
f 1993/6/4 1994/6/4 1999/6/4
f 1999/6/4 1994/6/4 2000/6/4
f 1997/6/4 1998/6/4 2001/6/4
f 2001/6/4 1998/6/4 2002/6/4
f 2003/6/4 2004/6/4 2009/6/4
f 2009/6/4 2004/6/4 2010/6/4
f 2005/6/4 2006/6/4 2011/6/4
f 2011/6/4 2006/6/4 2012/6/4
f 2007/4/4 2008/4/4 2016/4/4
f 2016/4/4 2008/4/4 2017/4/4
f 2013/6/4 2014/6/4 2018/6/4
f 2018/6/4 2014/6/4 2019/6/4
f 2015/6/4 2016/6/4 2022/6/4
f 2022/6/4 2016/6/4 2023/6/4
f 2019/6/4 2020/6/4 2024/6/4
f 2024/6/4 2020/6/4 2025/6/4
f 2021/6/4 2022/6/4 2027/6/4
f 2027/6/4 2022/6/4 2028/6/4
f 2025/4/4 2026/4/4 2029/4/4
f 2029/4/4 2026/4/4 2030/4/4
f 2031/4/4 2032/4/4 2035/4/4
f 2035/4/4 2032/4/4 2036/4/4
f 2033/6/4 2034/6/4 2037/6/4
f 2037/6/4 2034/6/4 2038/6/4
f 2039/6/4 2040/6/4 2043/6/4
f 2043/6/4 2040/6/4 2044/6/4
f 2041/6/4 2042/6/4 2045/6/4
f 2045/6/4 2042/6/4 2046/6/4
f 2047/6/4 2048/6/4 2051/6/4
f 2051/6/4 2048/6/4 2052/6/4
f 2049/6/4 2050/6/4 2055/6/4
f 2055/6/4 2050/6/4 2056/6/4
f 2052/6/4 2053/6/4 2057/6/4
f 2057/6/4 2053/6/4 2058/6/4
f 2054/4/4 2055/4/4 2061/4/4
f 2061/4/4 2055/4/4 2062/4/4
f 2058/4/4 2059/4/4 2063/4/4
f 2063/4/4 2059/4/4 2064/4/4
f 2060/6/4 2061/6/4 2069/6/4
f 2069/6/4 2061/6/4 2070/6/4
f 2065/6/4 2066/6/4 2071/6/4
f 2071/6/4 2066/6/4 2072/6/4
f 2067/6/4 2068/6/4 2073/6/4
f 2073/6/4 2068/6/4 2074/6/4
f 2075/6/4 2076/6/4 2079/6/4
f 2079/6/4 2076/6/4 2080/6/4
f 2077/6/4 2078/6/4 2084/6/4
f 2084/6/4 2078/6/4 2085/6/4
f 2085/6/4 2078/6/4 2086/6/4
f 2081/6/4 2082/6/4 2087/6/4
f 2087/6/4 2082/6/4 2088/6/4
f 2083/4/4 2084/4/4 2091/4/4
f 2091/4/4 2084/4/4 2092/4/4
f 2088/6/4 2089/6/4 2093/6/4
f 2093/6/4 2089/6/4 2094/6/4
f 2090/6/4 2091/6/4 2097/6/4
f 2097/6/4 2091/6/4 2098/6/4
f 2094/4/4 2095/4/4 2099/4/4
f 2099/4/4 2095/4/4 2100/4/4
f 2100/6/4 2101/6/4 2102/6/4
f 2096/6/4 2097/6/4 2103/6/4
f 2103/6/4 2097/6/4 2104/6/4
f 2102/6/4 2101/6/4 2105/6/4
f 2105/6/4 2101/6/4 2106/6/4
f 2107/6/4 2108/6/4 2111/6/4
f 2111/6/4 2108/6/4 2112/6/4
f 2109/6/4 2110/6/4 2113/6/4
f 2113/6/4 2110/6/4 2114/6/4
f 2117/6/4 2118/6/4 2119/6/4
f 2115/6/4 2116/6/4 2120/6/4
f 2120/6/4 2116/6/4 2121/6/4
f 2119/6/4 2118/6/4 2124/6/4
f 2124/6/4 2118/6/4 2125/6/4
f 2121/6/4 2122/6/4 2126/6/4
f 2126/6/4 2122/6/4 2127/6/4
f 2123/4/4 2124/4/4 2130/4/4
f 2130/4/4 2124/4/4 2131/4/4
f 2127/6/4 2128/6/4 2132/6/4
f 2132/6/4 2128/6/4 2133/6/4
f 2129/6/4 2130/6/4 2137/6/4
f 2137/6/4 2130/6/4 2138/6/4
f 2134/6/4 2135/6/4 2139/6/4
f 2133/6/4 2134/6/4 2139/6/4
f 2139/6/4 2135/6/4 2140/6/4
f 2136/6/4 2137/6/4 2143/6/4
f 2143/6/4 2137/6/4 2144/6/4
f 2141/6/4 2142/6/4 2145/6/4
f 2145/6/4 2142/6/4 2146/6/4
f 2147/6/4 2148/6/4 2151/6/4
f 2151/6/4 2148/6/4 2152/6/4
f 2149/4/4 2150/4/4 2155/4/4
f 2150/6/4 2151/6/4 2156/6/4
f 2155/4/4 2150/4/4 2156/4/4
f 2156/6/4 2151/6/4 2157/6/4
f 2152/6/4 2153/6/4 2158/6/4
f 2158/6/4 2153/6/4 2159/6/4
f 2154/6/4 2155/6/4 2162/6/4
f 2162/6/4 2155/6/4 2163/6/4
f 2159/6/4 2160/6/4 2164/6/4
f 2164/6/4 2160/6/4 2165/6/4
f 2165/4/4 2166/4/4 2167/4/4
f 2167/4/4 2166/4/4 2168/4/4
f 2161/6/4 2162/6/4 2170/6/4
f 2170/6/4 2162/6/4 2171/6/4
f 2167/6/4 2168/6/4 2172/6/4
f 2172/6/4 2168/6/4 2173/6/4
f 2169/6/4 2170/6/4 2175/6/4
f 2175/6/4 2170/6/4 2176/6/4
f 2173/6/4 2174/6/4 2179/6/4
f 2179/6/4 2174/6/4 2180/6/4
f 2178/6/4 2179/6/4 2181/6/4
f 2181/6/4 2179/6/4 2182/6/4
f 2176/6/4 2177/6/4 2183/6/4
f 2183/6/4 2177/6/4 2184/6/4
f 2181/4/4 2182/4/4 2187/4/4
f 2187/4/4 2182/4/4 2188/4/4
f 2184/6/4 2185/6/4 2189/6/4
f 2189/6/4 2185/6/4 2190/6/4
f 2186/6/4 2187/6/4 2194/6/4
f 2194/6/4 2187/6/4 2195/6/4
f 2190/4/4 2191/4/4 2196/4/4
f 2191/6/4 2192/6/4 2197/6/4
f 2196/4/4 2191/4/4 2197/4/4
f 2197/6/4 2192/6/4 2198/6/4
f 2193/6/4 2194/6/4 2199/6/4
f 2199/6/4 2194/6/4 2200/6/4
f 2198/6/4 2199/6/4 2201/6/4
f 2201/6/4 2199/6/4 2202/6/4
f 2203/6/4 2204/6/4 2206/6/4
f 2206/6/4 2204/6/4 2207/6/4
f 2207/6/4 2204/6/4 2208/6/4
f 2208/6/4 2204/6/4 2209/6/4
f 2205/4/4 2206/4/4 2212/4/4
f 2212/4/4 2206/4/4 2213/4/4
f 2206/6/4 2207/6/4 2214/6/4
f 2213/4/4 2206/4/4 2214/4/4
f 2214/6/4 2207/6/4 2215/6/4
f 2208/6/4 2209/6/4 2216/6/4
f 2209/6/4 2210/6/4 2216/6/4
f 2216/6/4 2210/6/4 2217/6/4
f 2217/6/4 2210/6/4 2218/6/4
f 2212/6/4 2213/6/4 2220/6/4
f 2211/6/4 2212/6/4 2220/6/4
f 2220/6/4 2213/6/4 2221/6/4
f 2217/6/4 2218/6/4 2222/6/4
f 2218/4/4 2219/4/4 2223/4/4
f 2222/6/4 2218/6/4 2223/6/4
f 2211/6/4 2220/6/4 2225/6/4
f 2223/4/4 2219/4/4 2226/4/4
f 2226/4/4 2219/4/4 2227/4/4
f 2224/6/4 2225/6/4 2229/6/4
f 2225/6/4 2220/6/4 2229/6/4
f 2229/6/4 2220/6/4 2230/6/4
f 2227/6/4 2228/6/4 2231/6/4
f 2226/6/4 2227/6/4 2231/6/4
f 2231/6/4 2228/6/4 2232/6/4
f 2224/6/4 2229/6/4 2233/6/4
f 2232/6/4 2228/6/4 2236/6/4
f 2233/6/4 2234/6/4 2237/6/4
f 2224/6/4 2233/6/4 2237/6/4
f 2237/6/4 2234/6/4 2238/6/4
f 2235/6/4 2236/6/4 2239/6/4
f 2236/6/4 2228/6/4 2240/6/4
f 2239/6/4 2236/6/4 2240/6/4
f 2240/6/4 2228/6/4 2241/6/4
f 2238/6/4 2234/6/4 2242/6/4
f 2239/4/4 2240/4/4 2245/4/4
f 2242/6/4 2243/6/4 2246/6/4
f 2238/6/4 2242/6/4 2246/6/4
f 2246/6/4 2243/6/4 2247/6/4
f 2247/6/4 2243/6/4 2248/6/4
f 2244/6/4 2245/6/4 2252/6/4
f 2245/4/4 2240/4/4 2253/4/4
f 2252/6/4 2245/6/4 2253/6/4
f 2253/4/4 2240/4/4 2254/4/4
f 2247/4/4 2248/4/4 2255/4/4
f 2249/6/4 2250/6/4 2256/6/4
f 2255/4/4 2248/4/4 2256/4/4
f 2248/6/4 2249/6/4 2256/6/4
f 2256/6/4 2250/6/4 2257/6/4
f 2257/6/4 2250/6/4 2258/6/4
f 2251/6/4 2252/6/4 2259/6/4
f 2252/6/4 2253/6/4 2259/6/4
f 2259/6/4 2253/6/4 2260/6/4
f 2260/6/4 2253/6/4 2261/6/4
f 2257/6/4 2258/6/4 2262/6/4
f 2259/6/4 2260/6/4 2262/6/4
f 2258/6/4 2259/6/4 2262/6/4
f 2262/6/4 2260/6/4 2263/6/4
f 2264/6/4 2265/6/4 2268/6/4
f 2268/6/4 2265/6/4 2269/6/4
f 2269/6/4 2265/6/4 2270/6/4
f 2266/6/4 2267/6/4 2273/6/4
f 2267/4/4 2268/4/4 2274/4/4
f 2268/4/4 2269/4/4 2274/4/4
f 2273/6/4 2267/6/4 2274/6/4
f 2274/4/4 2269/4/4 2275/4/4
f 2270/6/4 2271/6/4 2276/6/4
f 2275/4/4 2269/4/4 2276/4/4
f 2269/6/4 2270/6/4 2276/6/4
f 2276/6/4 2271/6/4 2277/6/4
f 2277/6/4 2271/6/4 2278/6/4
f 2278/6/4 2271/6/4 2279/6/4
f 2279/6/4 2271/6/4 2280/6/4
f 2274/6/4 2275/6/4 2282/6/4
f 2272/6/4 2273/6/4 2282/6/4
f 2273/6/4 2274/6/4 2282/6/4
f 2282/6/4 2275/6/4 2283/6/4
f 2278/6/4 2279/6/4 2284/6/4
f 2280/4/4 2281/4/4 2285/4/4
f 2284/6/4 2279/6/4 2285/6/4
f 2279/4/4 2280/4/4 2285/4/4
f 2285/4/4 2281/4/4 2286/4/4
f 2286/4/4 2281/4/4 2287/4/4
f 2272/6/4 2282/6/4 2289/6/4
f 2289/6/4 2282/6/4 2290/6/4
f 2290/6/4 2282/6/4 2291/6/4
f 2285/4/4 2286/4/4 2292/4/4
f 2286/6/4 2287/6/4 2293/6/4
f 2292/4/4 2286/4/4 2293/4/4
f 2293/6/4 2287/6/4 2294/6/4
f 2294/6/4 2295/6/4 2296/6/4
f 2293/6/4 2294/6/4 2296/6/4
f 2289/6/4 2290/6/4 2297/6/4
f 2288/6/4 2289/6/4 2297/6/4
f 2297/6/4 2290/6/4 2298/6/4
f 2298/6/4 2290/6/4 2299/6/4
f 2296/6/4 2295/6/4 2302/6/4
f 2302/6/4 2295/6/4 2303/6/4
f 2303/6/4 2295/6/4 2304/6/4
f 2299/6/4 2300/6/4 2305/6/4
f 2298/6/4 2299/6/4 2305/6/4
f 2305/6/4 2300/6/4 2306/6/4
f 2302/4/4 2303/4/4 2309/4/4
f 2301/4/4 2302/4/4 2309/4/4
f 2309/4/4 2303/4/4 2310/4/4
f 2298/6/4 2305/6/4 2311/6/4
f 2306/4/4 2307/4/4 2312/4/4
f 2311/6/4 2305/6/4 2312/6/4
f 2305/4/4 2306/4/4 2312/4/4
f 2312/4/4 2307/4/4 2313/4/4
f 2313/4/4 2307/4/4 2314/4/4
f 2309/6/4 2310/6/4 2315/6/4
f 2308/6/4 2309/6/4 2315/6/4
f 2310/4/4 2303/4/4 2316/4/4
f 2315/6/4 2310/6/4 2316/6/4
f 2316/4/4 2303/4/4 2317/4/4
f 2312/4/4 2313/4/4 2318/4/4
f 2313/6/4 2314/6/4 2319/6/4
f 2318/4/4 2313/4/4 2319/4/4
f 2314/6/4 2315/6/4 2319/6/4
f 2315/6/4 2316/6/4 2319/6/4
f 2319/6/4 2316/6/4 2320/6/4
f 2320/6/4 2316/6/4 2321/6/4
f 2321/6/4 2316/6/4 2322/6/4
f 2320/6/4 2321/6/4 2323/6/4
f 2323/6/4 2321/6/4 2324/6/4
f 2325/4/4 2326/4/4 2329/4/4
f 2329/4/4 2326/4/4 2330/4/4
f 2326/6/4 2327/6/4 2331/6/4
f 2330/4/4 2326/4/4 2331/4/4
f 2331/6/4 2327/6/4 2332/6/4
f 2332/6/4 2327/6/4 2333/6/4
f 2329/6/4 2330/6/4 2336/6/4
f 2328/6/4 2329/6/4 2336/6/4
f 2330/4/4 2331/4/4 2337/4/4
f 2331/4/4 2332/4/4 2337/4/4
f 2336/6/4 2330/6/4 2337/6/4
f 2337/4/4 2332/4/4 2338/4/4
f 2332/6/4 2333/6/4 2339/6/4
f 2338/4/4 2332/4/4 2339/4/4
f 2333/4/4 2334/4/4 2340/4/4
f 2339/6/4 2333/6/4 2340/6/4
f 2340/4/4 2334/4/4 2341/4/4
f 2337/6/4 2338/6/4 2343/6/4
f 2335/6/4 2336/6/4 2343/6/4
f 2336/6/4 2337/6/4 2343/6/4
f 2338/4/4 2339/4/4 2344/4/4
f 2343/6/4 2338/6/4 2344/6/4
f 2340/4/4 2341/4/4 2344/4/4
f 2339/4/4 2340/4/4 2344/4/4
f 2344/4/4 2341/4/4 2345/4/4
f 2341/6/4 2342/6/4 2346/6/4
f 2345/4/4 2341/4/4 2346/4/4
f 2344/4/4 2345/4/4 2347/4/4
f 2343/4/4 2344/4/4 2347/4/4
f 2345/6/4 2346/6/4 2348/6/4
f 2347/4/4 2345/4/4 2348/4/4
f 2346/6/4 2342/6/4 2349/6/4
f 2348/6/4 2346/6/4 2349/6/4
f 2335/6/4 2343/6/4 2350/6/4
f 2343/4/4 2347/4/4 2351/4/4
f 2350/6/4 2343/6/4 2351/6/4
f 2349/6/4 2342/6/4 2352/6/4
f 2348/4/4 2349/4/4 2352/4/4
f 2352/6/4 2342/6/4 2353/6/4
f 2335/6/4 2350/6/4 2354/6/4
f 2354/6/4 2350/6/4 2355/6/4
f 2350/4/4 2351/4/4 2356/4/4
f 2355/6/4 2350/6/4 2356/6/4
f 2351/4/4 2347/4/4 2357/4/4
f 2356/4/4 2351/4/4 2357/4/4
f 2347/6/4 2348/6/4 2358/6/4
f 2357/4/4 2347/4/4 2358/4/4
f 2348/4/4 2352/4/4 2359/4/4
f 2358/6/4 2348/6/4 2359/6/4
f 2352/4/4 2353/4/4 2359/4/4
f 2359/4/4 2353/4/4 2360/4/4
f 2360/4/4 2353/4/4 2361/4/4
f 2355/4/4 2356/4/4 2362/4/4
f 2356/4/4 2357/4/4 2362/4/4
f 2362/4/4 2357/4/4 2363/4/4
f 2359/6/4 2360/6/4 2364/6/4
f 2363/4/4 2357/4/4 2364/4/4
f 2358/6/4 2359/6/4 2364/6/4
f 2357/6/4 2358/6/4 2364/6/4
f 2364/6/4 2360/6/4 2365/6/4
f 2365/6/4 2360/6/4 2366/6/4
f 2363/6/4 2364/6/4 2367/6/4
f 2364/6/4 2365/6/4 2367/6/4
f 2367/6/4 2365/6/4 2368/6/4
f 2372/6/5 2370/6/5 2369/6/5
f 2373/6/5 2370/6/5 2372/6/5
f 2376/6/5 2372/6/5 2371/6/5
f 2376/6/5 2374/6/5 2373/6/5
f 2376/6/5 2373/6/5 2372/6/5
f 2377/6/5 2374/6/5 2376/6/5
f 2379/6/5 2376/6/5 2375/6/5
f 2379/6/5 2378/6/5 2377/6/5
f 2379/6/5 2377/6/5 2376/6/5
f 2380/6/5 2378/6/5 2379/6/5
f 2381/6/5 2379/6/5 2375/6/5
f 2382/4/5 2380/4/5 2379/4/5
f 2382/6/5 2379/6/5 2381/6/5
f 2383/4/5 2380/4/5 2382/4/5
f 2384/6/5 2378/6/5 2380/6/5
f 2384/4/5 2380/4/5 2383/4/5
f 2385/6/5 2381/6/5 2375/6/5
f 2386/4/5 2383/4/5 2382/4/5
f 2386/6/5 2381/6/5 2385/6/5
f 2386/4/5 2382/4/5 2381/4/5
f 2387/4/5 2383/4/5 2386/4/5
f 2388/6/5 2384/6/5 2383/6/5
f 2388/4/5 2383/4/5 2387/4/5
f 2389/6/5 2385/6/5 2375/6/5
f 2390/6/5 2385/6/5 2389/6/5
f 2391/4/5 2387/4/5 2386/4/5
f 2391/6/5 2385/6/5 2390/6/5
f 2391/4/5 2386/4/5 2385/4/5
f 2392/4/5 2387/4/5 2391/4/5
f 2393/6/5 2388/6/5 2387/6/5
f 2393/4/5 2387/4/5 2392/4/5
f 2394/6/5 2384/6/5 2388/6/5
f 2394/6/5 2388/6/5 2393/6/5
f 2394/6/5 2378/6/5 2384/6/5
f 2395/6/5 2378/6/5 2394/6/5
f 2396/4/5 2391/4/5 2390/4/5
f 2396/4/5 2392/4/5 2391/4/5
f 2397/4/5 2392/4/5 2396/4/5
f 2398/4/5 2392/4/5 2397/4/5
f 2399/6/5 2393/6/5 2392/6/5
f 2399/4/5 2392/4/5 2398/4/5
f 2399/6/5 2394/6/5 2393/6/5
f 2400/6/5 2394/6/5 2399/6/5
f 2401/6/5 2394/6/5 2400/6/5
f 2402/4/5 2398/4/5 2397/4/5
f 2403/6/5 2400/6/5 2399/6/5
f 2403/4/5 2398/4/5 2402/4/5
f 2403/6/5 2399/6/5 2398/6/5
f 2404/6/5 2400/6/5 2403/6/5
f 2408/6/5 2406/6/5 2405/6/5
f 2409/6/5 2406/6/5 2408/6/5
f 2412/6/5 2408/6/5 2407/6/5
f 2412/6/5 2410/6/5 2409/6/5
f 2412/6/5 2409/6/5 2408/6/5
f 2413/6/5 2410/6/5 2412/6/5
f 2414/6/5 2410/6/5 2413/6/5
f 2415/6/5 2410/6/5 2414/6/5
f 2416/6/5 2410/6/5 2415/6/5
f 2418/6/5 2412/6/5 2411/6/5
f 2418/6/5 2413/6/5 2412/6/5
f 2419/6/5 2413/6/5 2418/6/5
f 2420/6/5 2415/6/5 2414/6/5
f 2421/4/5 2417/4/5 2416/4/5
f 2421/6/5 2415/6/5 2420/6/5
f 2421/4/5 2416/4/5 2415/4/5
f 2423/6/5 2418/6/5 2411/6/5
f 2424/6/5 2418/6/5 2423/6/5
f 2425/6/5 2418/6/5 2424/6/5
f 2426/4/5 2417/4/5 2421/4/5
f 2427/4/5 2417/4/5 2426/4/5
f 2428/4/5 2417/4/5 2427/4/5
f 2430/6/5 2423/6/5 2422/6/5
f 2430/6/5 2424/6/5 2423/6/5
f 2431/6/5 2424/6/5 2430/6/5
f 2432/6/5 2424/6/5 2431/6/5
f 2435/6/5 2429/6/5 2428/6/5
f 2435/6/5 2428/6/5 2427/6/5
f 2436/6/5 2429/6/5 2435/6/5
f 2437/6/5 2429/6/5 2436/6/5
f 2438/6/5 2433/6/5 2432/6/5
f 2438/6/5 2432/6/5 2431/6/5
f 2439/6/5 2433/6/5 2438/6/5
f 2442/6/5 2436/6/5 2435/6/5
f 2442/6/5 2435/6/5 2434/6/5
f 2443/6/5 2438/6/5 2431/6/5
f 2444/4/5 2440/4/5 2439/4/5
f 2444/6/5 2438/6/5 2443/6/5
f 2444/4/5 2439/4/5 2438/4/5
f 2445/4/5 2440/4/5 2444/4/5
f 2447/6/5 2442/6/5 2441/6/5
f 2448/6/5 2436/6/5 2442/6/5
f 2448/6/5 2442/6/5 2447/6/5
f 2449/6/5 2436/6/5 2448/6/5
f 2450/4/5 2445/4/5 2444/4/5
f 2451/6/5 2447/6/5 2446/6/5
f 2451/4/5 2445/4/5 2450/4/5
f 2451/6/5 2446/6/5 2445/6/5
f 2451/6/5 2448/6/5 2447/6/5
f 2452/6/5 2448/6/5 2451/6/5
f 2453/6/5 2448/6/5 2452/6/5
f 2454/6/5 2452/6/5 2451/6/5
f 2455/6/5 2452/6/5 2454/6/5
f 2459/6/5 2457/6/5 2456/6/5
f 2460/6/5 2457/6/5 2459/6/5
f 2461/6/5 2457/6/5 2460/6/5
f 2462/6/5 2457/6/5 2461/6/5
f 2465/6/5 2459/6/5 2458/6/5
f 2465/6/5 2460/6/5 2459/6/5
f 2466/6/5 2460/6/5 2465/6/5
f 2467/6/5 2460/6/5 2466/6/5
f 2468/6/5 2462/6/5 2461/6/5
f 2468/6/5 2463/6/5 2462/6/5
f 2469/6/5 2463/6/5 2468/6/5
f 2470/6/5 2463/6/5 2469/6/5
f 2472/6/5 2466/6/5 2465/6/5
f 2472/6/5 2465/6/5 2464/6/5
f 2473/6/5 2466/6/5 2472/6/5
f 2474/6/5 2471/6/5 2470/6/5
f 2474/6/5 2470/6/5 2469/6/5
f 2475/6/5 2471/6/5 2474/6/5
f 2477/6/5 2472/6/5 2464/6/5
f 2478/6/5 2471/6/5 2475/6/5
f 2480/4/5 2477/4/5 2476/4/5
f 2481/6/5 2472/6/5 2477/6/5
f 2481/4/5 2477/4/5 2480/4/5
f 2482/6/5 2472/6/5 2481/6/5
f 2483/6/5 2479/6/5 2478/6/5
f 2483/6/5 2478/6/5 2475/6/5
f 2484/6/5 2479/6/5 2483/6/5
f 2485/6/5 2481/6/5 2480/6/5
f 2488/6/5 2479/6/5 2484/6/5
f 2489/6/5 2486/6/5 2485/6/5
f 2489/6/5 2485/6/5 2480/6/5
f 2490/6/5 2486/6/5 2489/6/5
f 2491/6/5 2488/6/5 2487/6/5
f 2491/6/5 2479/6/5 2488/6/5
f 2492/6/5 2479/6/5 2491/6/5
f 2493/6/5 2486/6/5 2490/6/5
f 2496/6/5 2491/6/5 2487/6/5
f 2497/6/5 2494/6/5 2493/6/5
f 2497/6/5 2493/6/5 2490/6/5
f 2498/6/5 2494/6/5 2497/6/5
f 2499/6/5 2494/6/5 2498/6/5
f 2502/6/5 2496/6/5 2495/6/5
f 2503/6/5 2491/6/5 2496/6/5
f 2503/6/5 2496/6/5 2502/6/5
f 2504/6/5 2491/6/5 2503/6/5
f 2505/6/5 2500/6/5 2499/6/5
f 2505/6/5 2499/6/5 2498/6/5
f 2506/6/5 2500/6/5 2505/6/5
f 2507/6/5 2500/6/5 2506/6/5
f 2508/6/5 2502/6/5 2501/6/5
f 2508/6/5 2503/6/5 2502/6/5
f 2509/6/5 2503/6/5 2508/6/5
f 2510/6/5 2503/6/5 2509/6/5
f 2511/6/5 2507/6/5 2506/6/5
f 2511/6/5 2509/6/5 2508/6/5
f 2511/6/5 2508/6/5 2507/6/5
f 2512/6/5 2509/6/5 2511/6/5
f 2516/6/5 2514/6/5 2513/6/5
f 2517/6/5 2514/6/5 2516/6/5
f 2520/6/5 2516/6/5 2515/6/5
f 2521/6/5 2516/6/5 2520/6/5
f 2522/6/5 2518/6/5 2517/6/5
f 2523/6/5 2518/6/5 2522/6/5
f 2526/4/5 2520/4/5 2519/4/5
f 2527/4/5 2520/4/5 2526/4/5
f 2528/6/5 2524/6/5 2523/6/5
f 2529/6/5 2524/6/5 2528/6/5
f 2531/4/5 2526/4/5 2525/4/5
f 2532/4/5 2526/4/5 2531/4/5
f 2534/6/5 2532/6/5 2531/6/5
f 2535/6/5 2532/6/5 2534/6/5
f 2536/6/5 2530/6/5 2529/6/5
f 2537/6/5 2530/6/5 2536/6/5
f 2539/6/5 2534/6/5 2533/6/5
f 2540/6/5 2539/6/5 2533/6/5
f 2541/6/5 2539/6/5 2540/6/5
f 2544/6/5 2538/6/5 2537/6/5
f 2545/6/5 2538/6/5 2544/6/5
f 2546/6/5 2542/6/5 2541/6/5
f 2547/6/5 2542/6/5 2546/6/5
f 2550/6/5 2544/6/5 2543/6/5
f 2551/6/5 2544/6/5 2550/6/5
f 2552/6/5 2548/6/5 2547/6/5
f 2553/6/5 2548/6/5 2552/6/5
f 2556/6/5 2550/6/5 2549/6/5
f 2557/6/5 2550/6/5 2556/6/5
f 2558/6/5 2554/6/5 2553/6/5
f 2559/6/5 2554/6/5 2558/6/5
f 2560/6/5 2556/6/5 2555/6/5
f 2561/6/5 2556/6/5 2560/6/5
f 2562/6/5 2560/6/5 2559/6/5
f 2563/6/5 2560/6/5 2562/6/5
f 2569/6/5 2565/6/5 2564/6/5
f 2570/6/5 2565/6/5 2569/6/5
f 2574/4/5 2567/4/5 2566/4/5
f 2575/6/5 2568/6/5 2567/6/5
f 2575/4/5 2567/4/5 2574/4/5
f 2576/6/5 2568/6/5 2575/6/5
f 2577/6/5 2572/6/5 2571/6/5
f 2578/6/5 2572/6/5 2577/6/5
f 2581/4/5 2574/4/5 2573/4/5
f 2582/4/5 2574/4/5 2581/4/5
f 2583/6/5 2579/6/5 2578/6/5
f 2584/6/5 2579/6/5 2583/6/5
f 2587/6/5 2581/6/5 2580/6/5
f 2588/6/5 2581/6/5 2587/6/5
f 2589/4/5 2585/4/5 2584/4/5
f 2590/4/5 2585/4/5 2589/4/5
f 2592/6/5 2587/6/5 2586/6/5
f 2593/6/5 2592/6/5 2586/6/5
f 2594/6/5 2592/6/5 2593/6/5
f 2595/6/5 2591/6/5 2590/6/5
f 2596/6/5 2591/6/5 2595/6/5
f 2601/6/5 2598/6/5 2597/6/5
f 2602/6/5 2598/6/5 2601/6/5
f 2603/6/5 2600/6/5 2599/6/5
f 2604/6/5 2600/6/5 2603/6/5
f 2609/6/5 2606/6/5 2605/6/5
f 2610/6/5 2606/6/5 2609/6/5
f 2611/6/5 2608/6/5 2607/6/5
f 2612/6/5 2608/6/5 2611/6/5
f 2613/4/5 2610/4/5 2609/4/5
f 2614/4/5 2610/4/5 2613/4/5
f 2617/4/5 2612/4/5 2611/4/5
f 2618/4/5 2612/4/5 2617/4/5
f 2619/4/5 2615/4/5 2614/4/5
f 2620/4/5 2615/4/5 2619/4/5
f 2623/6/5 2617/6/5 2616/6/5
f 2624/6/5 2617/6/5 2623/6/5
f 2625/6/5 2621/6/5 2620/6/5
f 2626/6/5 2621/6/5 2625/6/5
f 2629/6/5 2623/6/5 2622/6/5
f 2630/6/5 2623/6/5 2629/6/5
f 2631/6/5 2627/6/5 2626/6/5
f 2632/6/5 2627/6/5 2631/6/5
f 2635/6/5 2629/6/5 2628/6/5
f 2636/6/5 2629/6/5 2635/6/5
f 2637/6/5 2634/6/5 2633/6/5
f 2638/6/5 2634/6/5 2637/6/5
f 2645/6/5 2640/6/5 2639/6/5
f 2646/6/5 2640/6/5 2645/6/5
f 2647/6/5 2642/6/5 2641/6/5
f 2648/6/5 2642/6/5 2647/6/5
f 2652/6/5 2644/6/5 2643/6/5
f 2653/6/5 2644/6/5 2652/6/5
f 2654/4/5 2650/4/5 2649/4/5
f 2655/4/5 2650/4/5 2654/4/5
f 2658/6/5 2652/6/5 2651/6/5
f 2659/6/5 2652/6/5 2658/6/5
f 2660/6/5 2656/6/5 2655/6/5
f 2661/6/5 2656/6/5 2660/6/5
f 2663/6/5 2658/6/5 2657/6/5
f 2664/6/5 2658/6/5 2663/6/5
f 2665/6/5 2662/6/5 2661/6/5
f 2666/6/5 2662/6/5 2665/6/5
f 2671/6/5 2668/6/5 2667/6/5
f 2672/6/5 2668/6/5 2671/6/5
f 2673/6/5 2670/6/5 2669/6/5
f 2674/6/5 2670/6/5 2673/6/5
f 2679/6/5 2676/6/5 2675/6/5
f 2680/6/5 2676/6/5 2679/6/5
f 2681/6/5 2678/6/5 2677/6/5
f 2682/6/5 2678/6/5 2681/6/5
f 2687/6/5 2684/6/5 2683/6/5
f 2688/6/5 2684/6/5 2687/6/5
f 2691/6/5 2686/6/5 2685/6/5
f 2692/6/5 2686/6/5 2691/6/5
f 2693/4/5 2689/4/5 2688/4/5
f 2694/4/5 2689/4/5 2693/4/5
f 2697/4/5 2691/4/5 2690/4/5
f 2698/4/5 2691/4/5 2697/4/5
f 2699/4/5 2695/4/5 2694/4/5
f 2700/4/5 2695/4/5 2699/4/5
f 2705/4/5 2697/4/5 2696/4/5
f 2706/4/5 2697/4/5 2705/4/5
f 2707/6/5 2702/6/5 2701/6/5
f 2708/6/5 2702/6/5 2707/6/5
f 2709/6/5 2704/6/5 2703/6/5
f 2710/6/5 2704/6/5 2709/6/5
f 2715/6/5 2712/6/5 2711/6/5
f 2716/6/5 2712/6/5 2715/6/5
f 2719/6/5 2714/6/5 2713/6/5
f 2720/6/5 2714/6/5 2719/6/5
f 2721/4/5 2718/4/5 2717/4/5
f 2722/4/5 2718/4/5 2721/4/5
f 2727/6/5 2724/6/5 2723/6/5
f 2728/6/5 2724/6/5 2727/6/5
f 2729/6/5 2726/6/5 2725/6/5
f 2730/6/5 2726/6/5 2729/6/5
f 2735/4/5 2732/4/5 2731/4/5
f 2736/4/5 2732/4/5 2735/4/5
f 2737/6/5 2734/6/5 2733/6/5
f 2738/6/5 2734/6/5 2737/6/5
f 2739/6/5 2736/6/5 2735/6/5
f 2740/6/5 2736/6/5 2739/6/5
f 2741/4/5 2738/4/5 2737/4/5
f 2742/4/5 2738/4/5 2741/4/5
f 2747/6/5 2744/6/5 2743/6/5
f 2748/6/5 2744/6/5 2747/6/5
f 2749/6/5 2746/6/5 2745/6/5
f 2750/6/5 2746/6/5 2749/6/5
f 2755/6/5 2752/6/5 2751/6/5
f 2756/6/5 2752/6/5 2755/6/5
f 2759/4/5 2754/4/5 2753/4/5
f 2760/4/5 2754/4/5 2759/4/5
f 2761/6/5 2758/6/5 2757/6/5
f 2762/6/5 2758/6/5 2761/6/5
f 2767/4/5 2764/4/5 2763/4/5
f 2768/4/5 2764/4/5 2767/4/5
f 2769/6/5 2766/6/5 2765/6/5
f 2770/6/5 2766/6/5 2769/6/5
f 2776/6/5 2772/6/5 2771/6/5
f 2777/6/5 2772/6/5 2776/6/5
f 2778/6/5 2774/6/5 2773/6/5
f 2779/6/5 2774/6/5 2778/6/5
f 2781/6/5 2776/6/5 2775/6/5
f 2782/6/5 2776/6/5 2781/6/5
f 2783/6/5 2780/6/5 2779/6/5
f 2784/6/5 2780/6/5 2783/6/5
f 2789/4/5 2786/4/5 2785/4/5
f 2790/4/5 2786/4/5 2789/4/5
f 2791/6/5 2788/6/5 2787/6/5
f 2792/6/5 2788/6/5 2791/6/5
f 2797/6/5 2794/6/5 2793/6/5
f 2798/6/5 2794/6/5 2797/6/5
f 2799/4/5 2796/4/5 2795/4/5
f 2800/4/5 2796/4/5 2799/4/5
f 2805/6/5 2802/6/5 2801/6/5
f 2806/6/5 2802/6/5 2805/6/5
f 2809/6/5 2804/6/5 2803/6/5
f 2810/6/5 2804/6/5 2809/6/5
f 2811/6/5 2807/6/5 2806/6/5
f 2812/6/5 2807/6/5 2811/6/5
f 2813/6/5 2809/6/5 2808/6/5
f 2814/6/5 2809/6/5 2813/6/5
f 2819/6/5 2816/6/5 2815/6/5
f 2820/6/5 2816/6/5 2819/6/5
f 2821/4/5 2818/4/5 2817/4/5
f 2822/4/5 2818/4/5 2821/4/5
f 2829/6/5 2824/6/5 2823/6/5
f 2830/6/5 2824/6/5 2829/6/5
f 2831/4/5 2826/4/5 2825/4/5
f 2832/4/5 2826/4/5 2831/4/5
f 2835/6/5 2828/6/5 2827/6/5
f 2836/6/5 2828/6/5 2835/6/5
f 2837/6/5 2834/6/5 2833/6/5
f 2838/6/5 2834/6/5 2837/6/5
f 2843/6/5 2840/6/5 2839/6/5
f 2844/6/5 2840/6/5 2843/6/5
f 2845/6/5 2842/6/5 2841/6/5
f 2846/6/5 2842/6/5 2845/6/5
f 2851/6/5 2848/6/5 2847/6/5
f 2852/6/5 2848/6/5 2851/6/5
f 2853/6/5 2850/6/5 2849/6/5
f 2854/6/5 2850/6/5 2853/6/5
f 2859/6/5 2856/6/5 2855/6/5
f 2860/6/5 2856/6/5 2859/6/5
f 2861/6/5 2858/6/5 2857/6/5
f 2862/6/5 2858/6/5 2861/6/5
f 2867/6/5 2864/6/5 2863/6/5
f 2868/6/5 2864/6/5 2867/6/5
f 2869/6/5 2866/6/5 2865/6/5
f 2870/6/5 2866/6/5 2869/6/5
f 2875/6/5 2872/6/5 2871/6/5
f 2876/6/5 2872/6/5 2875/6/5
f 2881/6/5 2874/6/5 2873/6/5
f 2882/6/5 2874/6/5 2881/6/5
f 2883/4/5 2878/4/5 2877/4/5
f 2884/4/5 2878/4/5 2883/4/5
f 2885/6/5 2880/6/5 2879/6/5
f 2886/6/5 2880/6/5 2885/6/5
f 2890/3/5 2888/3/5 2887/3/5
f 2891/3/5 2890/3/5 2889/3/5
f 2892/3/5 2888/3/5 2890/3/5
f 2892/3/5 2890/3/5 2891/3/5
f 2895/2/5 2894/2/5 2893/2/5
f 2896/2/5 2894/2/5 2895/2/5
f 2897/2/5 2894/2/5 2896/2/5
f 2898/3/5 2896/3/5 2895/3/5
f 2899/3/5 2896/3/5 2898/3/5
f 2904/1/5 2901/1/5 2900/1/5
f 2905/5/5 2902/5/5 2901/5/5
f 2905/1/5 2901/1/5 2904/1/5
f 2906/1/5 2903/1/5 2902/1/5
f 2906/5/5 2902/5/5 2905/5/5
f 2907/1/5 2903/1/5 2906/1/5
f 2908/5/5 2905/5/5 2904/5/5
f 2909/1/5 2906/1/5 2905/1/5
f 2909/5/5 2905/5/5 2908/5/5
f 2910/1/5 2906/1/5 2909/1/5
f 2914/1/5 2912/1/5 2911/1/5
f 2915/1/5 2912/1/5 2914/1/5
f 2916/1/5 2914/1/5 2913/1/5
f 2917/1/5 2914/1/5 2916/1/5
f 2920/1/5 2919/1/5 2918/1/5
f 2921/1/5 2919/1/5 2920/1/5
f 2923/5/5 2921/5/5 2920/5/5
f 2924/1/5 2922/1/5 2921/1/5
f 2924/5/5 2921/5/5 2923/5/5
f 2925/1/5 2924/1/5 2923/1/5
f 2926/1/5 2922/1/5 2924/1/5
f 2926/1/5 2924/1/5 2925/1/5
f 2929/1/5 2928/1/5 2927/1/5
f 2930/1/5 2928/1/5 2929/1/5
f 2934/1/5 2932/1/5 2931/1/5
f 2935/1/5 2932/1/5 2934/1/5
f 2936/5/5 2933/5/5 2932/5/5
f 2936/1/5 2932/1/5 2935/1/5
f 2937/5/5 2933/5/5 2936/5/5
f 2939/5/5 2936/5/5 2935/5/5
f 2940/1/5 2938/1/5 2937/1/5
f 2940/5/5 2936/5/5 2939/5/5
f 2940/1/5 2937/1/5 2936/1/5
f 2941/1/5 2938/1/5 2940/1/5
f 2942/1/5 2938/1/5 2941/1/5
f 2943/5/5 2941/5/5 2940/5/5
f 2944/5/5 2941/5/5 2943/5/5
f 2945/6/6 2946/6/6 2951/6/6
f 2951/6/6 2946/6/6 2952/6/6
f 2947/6/6 2948/6/6 2953/6/6
f 2953/6/6 2948/6/6 2954/6/6
f 2949/6/6 2950/6/6 2957/6/6
f 2957/6/6 2950/6/6 2958/6/6
f 2955/6/6 2956/6/6 2959/6/6
f 2959/6/6 2956/6/6 2960/6/6
f 2961/6/6 2962/6/6 2965/6/6
f 2965/6/6 2962/6/6 2966/6/6
f 2963/6/6 2964/6/6 2967/6/6
f 2967/6/6 2964/6/6 2968/6/6
f 2969/6/6 2970/6/6 2973/6/6
f 2973/6/6 2970/6/6 2974/6/6
f 2971/6/6 2972/6/6 2975/6/6
f 2975/6/6 2972/6/6 2976/6/6
f 2977/6/6 2978/6/6 2981/6/6
f 2981/6/6 2978/6/6 2982/6/6
f 2979/6/6 2980/6/6 2983/6/6
f 2983/6/6 2980/6/6 2984/6/6
f 2985/6/6 2986/6/6 2989/6/6
f 2989/6/6 2986/6/6 2990/6/6
f 2987/6/6 2988/6/6 2991/6/6
f 2991/6/6 2988/6/6 2992/6/6
f 2993/6/6 2994/6/6 2997/6/6
f 2997/6/6 2994/6/6 2998/6/6
f 2995/6/6 2996/6/6 3003/6/6
f 3003/6/6 2996/6/6 3004/6/6
f 2999/6/6 3000/6/6 3005/6/6
f 3005/6/6 3000/6/6 3006/6/6
f 3001/6/6 3002/6/6 3007/6/6
f 3007/6/6 3002/6/6 3008/6/6
f 3009/4/6 3010/4/6 3013/4/6
f 3013/4/6 3010/4/6 3014/4/6
f 3011/6/6 3012/6/6 3015/6/6
f 3015/6/6 3012/6/6 3016/6/6
f 3017/6/6 3018/6/6 3022/6/6
f 3022/6/6 3018/6/6 3023/6/6
f 3019/6/6 3020/6/6 3024/6/6
f 3024/6/6 3020/6/6 3025/6/6
f 3021/6/6 3022/6/6 3027/6/6
f 3027/6/6 3022/6/6 3028/6/6
f 3025/6/6 3026/6/6 3029/6/6
f 3029/6/6 3026/6/6 3030/6/6
f 3031/6/6 3032/6/6 3035/6/6
f 3035/6/6 3032/6/6 3036/6/6
f 3033/4/6 3034/4/6 3037/4/6
f 3037/4/6 3034/4/6 3038/4/6
f 3039/4/6 3040/4/6 3043/4/6
f 3043/4/6 3040/4/6 3044/4/6
f 3041/6/6 3042/6/6 3045/6/6
f 3045/6/6 3042/6/6 3046/6/6
f 3047/6/6 3048/6/6 3051/6/6
f 3051/6/6 3048/6/6 3052/6/6
f 3049/6/6 3050/6/6 3055/6/6
f 3055/6/6 3050/6/6 3056/6/6
f 3052/6/6 3053/6/6 3057/6/6
f 3057/6/6 3053/6/6 3058/6/6
f 3054/6/6 3055/6/6 3059/6/6
f 3059/6/6 3055/6/6 3060/6/6
f 3061/4/6 3062/4/6 3065/4/6
f 3065/4/6 3062/4/6 3066/4/6
f 3063/6/6 3064/6/6 3067/6/6
f 3067/6/6 3064/6/6 3068/6/6
f 3069/6/6 3070/6/6 3074/6/6
f 3070/4/6 3071/4/6 3075/4/6
f 3074/6/6 3070/6/6 3075/6/6
f 3075/4/6 3071/4/6 3076/4/6
f 3072/6/6 3073/6/6 3079/6/6
f 3079/6/6 3073/6/6 3080/6/6
f 3077/6/6 3078/6/6 3081/6/6
f 3081/6/6 3078/6/6 3082/6/6
f 3083/6/6 3084/6/6 3087/6/6
f 3087/6/6 3084/6/6 3088/6/6
f 3085/6/6 3086/6/6 3089/6/6
f 3089/6/6 3086/6/6 3090/6/6
f 3093/4/6 3094/4/6 3095/4/6
f 3095/4/6 3094/4/6 3096/4/6
f 3091/6/6 3092/6/6 3097/6/6
f 3097/6/6 3092/6/6 3098/6/6
f 3097/4/6 3098/4/6 3099/4/6
f 3099/4/6 3098/4/6 3100/4/6
f 3095/6/6 3096/6/6 3101/6/6
f 3101/6/6 3096/6/6 3102/6/6
f 3103/6/6 3104/6/6 3107/6/6
f 3107/6/6 3104/6/6 3108/6/6
f 3105/6/6 3106/6/6 3109/6/6
f 3109/6/6 3106/6/6 3110/6/6
f 3111/6/6 3112/6/6 3115/6/6
f 3115/6/6 3112/6/6 3116/6/6
f 3113/6/6 3114/6/6 3120/6/6
f 3120/6/6 3114/6/6 3121/6/6
f 3117/6/6 3118/6/6 3122/6/6
f 3118/4/6 3119/4/6 3123/4/6
f 3122/6/6 3118/6/6 3123/6/6
f 3123/4/6 3119/4/6 3124/4/6
f 3125/4/6 3126/4/6 3132/4/6
f 3126/6/6 3127/6/6 3133/6/6
f 3132/4/6 3126/4/6 3133/4/6
f 3133/6/6 3127/6/6 3134/6/6
f 3128/4/6 3129/4/6 3135/4/6
f 3135/4/6 3129/4/6 3136/4/6
f 3136/4/6 3129/4/6 3137/4/6
f 3130/6/6 3131/6/6 3141/6/6
f 3141/6/6 3131/6/6 3142/6/6
f 3138/6/6 3139/6/6 3143/6/6
f 3143/6/6 3139/6/6 3144/6/6
f 3140/6/6 3141/6/6 3147/6/6
f 3147/6/6 3141/6/6 3148/6/6
f 3144/6/6 3145/6/6 3149/6/6
f 3149/6/6 3145/6/6 3150/6/6
f 3146/6/6 3147/6/6 3152/6/6
f 3152/6/6 3147/6/6 3153/6/6
f 3150/6/6 3151/6/6 3154/6/6
f 3154/6/6 3151/6/6 3155/6/6
f 3158/4/6 3159/4/6 3160/4/6
f 3156/6/6 3157/6/6 3161/6/6
f 3161/6/6 3157/6/6 3162/6/6
f 3160/4/6 3159/4/6 3163/4/6
f 3163/4/6 3159/4/6 3164/4/6
f 3165/4/6 3166/4/6 3169/4/6
f 3169/4/6 3166/4/6 3170/4/6
f 3167/6/6 3168/6/6 3171/6/6
f 3171/6/6 3168/6/6 3172/6/6
f 3173/6/6 3174/6/6 3177/6/6
f 3177/6/6 3174/6/6 3178/6/6
f 3175/6/6 3176/6/6 3181/6/6
f 3181/6/6 3176/6/6 3182/6/6
f 3178/6/6 3179/6/6 3183/6/6
f 3183/6/6 3179/6/6 3184/6/6
f 3180/6/6 3181/6/6 3187/6/6
f 3187/6/6 3181/6/6 3188/6/6
f 3184/6/6 3185/6/6 3189/6/6
f 3189/6/6 3185/6/6 3190/6/6
f 3186/6/6 3187/6/6 3197/6/6
f 3197/6/6 3187/6/6 3198/6/6
f 3191/4/6 3192/4/6 3199/4/6
f 3192/6/6 3193/6/6 3200/6/6
f 3199/4/6 3192/4/6 3200/4/6
f 3200/6/6 3193/6/6 3201/6/6
f 3195/4/6 3196/4/6 3202/4/6
f 3194/4/6 3195/4/6 3202/4/6
f 3202/4/6 3196/4/6 3203/4/6
f 3204/6/6 3205/6/6 3209/6/6
f 3209/6/6 3205/6/6 3210/6/6
f 3206/4/6 3207/4/6 3214/4/6
f 3207/6/6 3208/6/6 3215/6/6
f 3214/4/6 3207/4/6 3215/4/6
f 3215/6/6 3208/6/6 3216/6/6
f 3211/4/6 3212/4/6 3217/4/6
f 3217/4/6 3212/4/6 3218/4/6
f 3218/4/6 3212/4/6 3219/4/6
f 3213/4/6 3214/4/6 3222/4/6
f 3222/4/6 3214/4/6 3223/4/6
f 3219/6/6 3220/6/6 3224/6/6
f 3224/6/6 3220/6/6 3225/6/6
f 3221/6/6 3222/6/6 3228/6/6
f 3228/6/6 3222/6/6 3229/6/6
f 3225/6/6 3226/6/6 3230/6/6
f 3230/6/6 3226/6/6 3231/6/6
f 3227/6/6 3228/6/6 3233/6/6
f 3227/6/6 3233/6/6 3234/6/6
f 3234/6/6 3233/6/6 3235/6/6
f 3231/6/6 3232/6/6 3236/6/6
f 3236/6/6 3232/6/6 3237/6/6
f 3238/6/6 3239/6/6 3242/6/6
f 3242/6/6 3239/6/6 3243/6/6
f 3242/4/6 3243/4/6 3244/4/6
f 3244/4/6 3243/4/6 3245/4/6
f 3240/6/6 3241/6/6 3246/6/6
f 3246/6/6 3241/6/6 3247/6/6
f 3248/4/6 3249/4/6 3252/4/6
f 3252/4/6 3249/4/6 3253/4/6
f 3250/6/6 3251/6/6 3254/6/6
f 3252/6/6 3253/6/6 3255/6/6
f 3255/6/6 3253/6/6 3256/6/6
f 3254/6/6 3251/6/6 3259/6/6
f 3259/6/6 3251/6/6 3260/6/6
f 3256/6/6 3257/6/6 3261/6/6
f 3261/6/6 3257/6/6 3262/6/6
f 3258/6/6 3259/6/6 3265/6/6
f 3265/6/6 3259/6/6 3266/6/6
f 3262/6/6 3263/6/6 3267/6/6
f 3267/6/6 3263/6/6 3268/6/6
f 3264/6/6 3265/6/6 3273/6/6
f 3273/6/6 3265/6/6 3274/6/6
f 3268/4/6 3269/4/6 3275/4/6
f 3269/4/6 3270/4/6 3275/4/6
f 3275/4/6 3270/4/6 3276/4/6
f 3271/4/6 3272/4/6 3279/4/6
f 3272/4/6 3273/4/6 3279/4/6
f 3279/4/6 3273/4/6 3280/4/6
f 3277/6/6 3278/6/6 3281/6/6
f 3281/6/6 3278/6/6 3282/6/6
f 3283/6/6 3284/6/6 3286/6/6
f 3286/6/6 3284/6/6 3287/6/6
f 3285/6/6 3286/6/6 3291/6/6
f 3291/6/6 3286/6/6 3292/6/6
f 3287/6/6 3288/6/6 3293/6/6
f 3288/4/6 3289/4/6 3294/4/6
f 3293/6/6 3288/6/6 3294/6/6
f 3294/4/6 3289/4/6 3295/4/6
f 3290/6/6 3291/6/6 3298/6/6
f 3298/6/6 3291/6/6 3299/6/6
f 3295/4/6 3296/4/6 3300/4/6
f 3300/4/6 3296/4/6 3301/4/6
f 3297/4/6 3298/4/6 3303/4/6
f 3303/4/6 3298/4/6 3304/4/6
f 3303/6/6 3304/6/6 3306/6/6
f 3306/6/6 3304/6/6 3307/6/6
f 3301/6/6 3302/6/6 3308/6/6
f 3308/6/6 3302/6/6 3309/6/6
f 3309/6/6 3310/6/6 3311/6/6
f 3305/6/6 3306/6/6 3312/6/6
f 3312/6/6 3306/6/6 3313/6/6
f 3311/6/6 3310/6/6 3316/6/6
f 3316/6/6 3310/6/6 3317/6/6
f 3313/6/6 3314/6/6 3318/6/6
f 3315/6/6 3316/6/6 3319/6/6
f 3319/6/6 3316/6/6 3320/6/6
f 3313/6/6 3318/6/6 3321/6/6
f 3321/6/6 3318/6/6 3322/6/6
f 3319/4/6 3320/4/6 3325/4/6
f 3325/4/6 3320/4/6 3326/4/6
f 3322/4/6 3323/4/6 3327/4/6
f 3327/4/6 3323/4/6 3328/4/6
f 3324/4/6 3325/4/6 3333/4/6
f 3333/4/6 3325/4/6 3334/4/6
f 3328/4/6 3329/4/6 3335/4/6
f 3329/6/6 3330/6/6 3336/6/6
f 3335/4/6 3329/4/6 3336/4/6
f 3336/6/6 3330/6/6 3337/6/6
f 3331/6/6 3332/6/6 3338/6/6
f 3332/4/6 3333/4/6 3339/4/6
f 3338/6/6 3332/6/6 3339/6/6
f 3339/4/6 3333/4/6 3340/4/6
f 3337/6/6 3338/6/6 3341/6/6
f 3341/6/6 3338/6/6 3342/6/6
f 3343/6/6 3344/6/6 3346/6/6
f 3346/6/6 3344/6/6 3347/6/6
f 3347/6/6 3344/6/6 3348/6/6
f 3348/6/6 3344/6/6 3349/6/6
f 3345/6/6 3346/6/6 3352/6/6
f 3346/6/6 3347/6/6 3352/6/6
f 3352/6/6 3347/6/6 3353/6/6
f 3353/6/6 3347/6/6 3354/6/6
f 3348/6/6 3349/6/6 3355/6/6
f 3349/6/6 3350/6/6 3355/6/6
f 3355/6/6 3350/6/6 3356/6/6
f 3356/6/6 3350/6/6 3357/6/6
f 3352/6/6 3353/6/6 3359/6/6
f 3351/6/6 3352/6/6 3359/6/6
f 3359/6/6 3353/6/6 3360/6/6
f 3357/6/6 3358/6/6 3361/6/6
f 3356/6/6 3357/6/6 3361/6/6
f 3361/6/6 3358/6/6 3362/6/6
f 3351/6/6 3359/6/6 3364/6/6
f 3362/6/6 3358/6/6 3365/6/6
f 3363/6/6 3364/6/6 3367/6/6
f 3364/6/6 3359/6/6 3367/6/6
f 3367/6/6 3359/6/6 3368/6/6
f 3362/6/6 3365/6/6 3369/6/6
f 3365/4/6 3366/4/6 3370/4/6
f 3369/6/6 3365/6/6 3370/6/6
f 3370/4/6 3366/4/6 3371/4/6
f 3363/6/6 3367/6/6 3372/6/6
f 3370/6/6 3371/6/6 3375/6/6
f 3372/6/6 3373/6/6 3376/6/6
f 3363/6/6 3372/6/6 3376/6/6
f 3376/6/6 3373/6/6 3377/6/6
f 3374/6/6 3375/6/6 3378/6/6
f 3375/6/6 3371/6/6 3378/6/6
f 3378/6/6 3371/6/6 3379/6/6
f 3377/6/6 3373/6/6 3380/6/6
f 3380/6/6 3373/6/6 3381/6/6
f 3374/6/6 3378/6/6 3384/6/6
f 3380/4/6 3381/4/6 3385/4/6
f 3381/6/6 3382/6/6 3386/6/6
f 3385/4/6 3381/4/6 3386/4/6
f 3386/6/6 3382/6/6 3387/6/6
f 3383/6/6 3384/6/6 3390/6/6
f 3384/6/6 3378/6/6 3391/6/6
f 3390/6/6 3384/6/6 3391/6/6
f 3391/6/6 3378/6/6 3392/6/6
f 3387/6/6 3388/6/6 3393/6/6
f 3386/6/6 3387/6/6 3393/6/6
f 3393/6/6 3388/6/6 3394/6/6
f 3394/6/6 3388/6/6 3395/6/6
f 3389/6/6 3390/6/6 3396/6/6
f 3390/6/6 3391/6/6 3396/6/6
f 3396/6/6 3391/6/6 3397/6/6
f 3397/6/6 3391/6/6 3398/6/6
f 3394/6/6 3395/6/6 3399/6/6
f 3396/6/6 3397/6/6 3399/6/6
f 3395/6/6 3396/6/6 3399/6/6
f 3399/6/6 3397/6/6 3400/6/6
f 3401/6/6 3402/6/6 3404/6/6
f 3404/6/6 3402/6/6 3405/6/6
f 3403/6/6 3404/6/6 3408/6/6
f 3405/6/6 3406/6/6 3408/6/6
f 3404/6/6 3405/6/6 3408/6/6
f 3408/6/6 3406/6/6 3409/6/6
f 3409/6/6 3406/6/6 3410/6/6
f 3410/6/6 3406/6/6 3411/6/6
f 3407/6/6 3408/6/6 3413/6/6
f 3408/6/6 3409/6/6 3413/6/6
f 3413/6/6 3409/6/6 3414/6/6
f 3411/6/6 3412/6/6 3415/6/6
f 3410/6/6 3411/6/6 3415/6/6
f 3415/6/6 3412/6/6 3416/6/6
f 3407/6/6 3413/6/6 3418/6/6
f 3418/6/6 3413/6/6 3419/6/6
f 3419/6/6 3413/6/6 3420/6/6
f 3416/6/6 3412/6/6 3421/6/6
f 3421/6/6 3412/6/6 3422/6/6
f 3422/6/6 3412/6/6 3423/6/6
f 3417/6/6 3418/6/6 3425/6/6
f 3418/6/6 3419/6/6 3425/6/6
f 3425/6/6 3419/6/6 3426/6/6
f 3426/6/6 3419/6/6 3427/6/6
f 3423/6/6 3424/6/6 3430/6/6
f 3422/6/6 3423/6/6 3430/6/6
f 3430/6/6 3424/6/6 3431/6/6
f 3431/6/6 3424/6/6 3432/6/6
f 3427/6/6 3428/6/6 3433/6/6
f 3426/6/6 3427/6/6 3433/6/6
f 3430/6/6 3431/6/6 3436/6/6
f 3429/6/6 3430/6/6 3436/6/6
f 3433/6/6 3434/6/6 3437/6/6
f 3426/6/6 3433/6/6 3437/6/6
f 3437/6/6 3434/6/6 3438/6/6
f 3438/6/6 3434/6/6 3439/6/6
f 3435/6/6 3436/6/6 3440/6/6
f 3436/6/6 3431/6/6 3441/6/6
f 3440/6/6 3436/6/6 3441/6/6
f 3441/6/6 3431/6/6 3442/6/6
f 3438/6/6 3439/6/6 3443/6/6
f 3439/6/6 3440/6/6 3443/6/6
f 3440/6/6 3441/6/6 3443/6/6
f 3443/6/6 3441/6/6 3444/6/6
f 3444/6/6 3441/6/6 3445/6/6
f 3445/6/6 3441/6/6 3446/6/6
f 3444/6/6 3445/6/6 3447/6/6
f 3447/6/6 3445/6/6 3448/6/6
f 3449/6/6 3450/6/6 3452/6/6
f 3452/6/6 3450/6/6 3453/6/6
f 3451/6/6 3452/6/6 3456/6/6
f 3453/6/6 3454/6/6 3456/6/6
f 3452/6/6 3453/6/6 3456/6/6
f 3456/6/6 3454/6/6 3457/6/6
f 3455/6/6 3456/6/6 3459/6/6
f 3457/6/6 3458/6/6 3459/6/6
f 3456/6/6 3457/6/6 3459/6/6
f 3459/6/6 3458/6/6 3460/6/6
f 3455/6/6 3459/6/6 3461/6/6
f 3455/6/6 3461/6/6 3462/6/6
f 3460/6/6 3458/6/6 3464/6/6
f 3462/6/6 3463/6/6 3465/6/6
f 3463/6/6 3464/6/6 3465/6/6
f 3455/6/6 3462/6/6 3465/6/6
f 3465/6/6 3464/6/6 3466/6/6
f 3464/6/6 3458/6/6 3467/6/6
f 3466/6/6 3464/6/6 3467/6/6
f 3467/6/6 3458/6/6 3468/6/6
f 3466/6/6 3467/6/6 3469/6/6
f 3469/6/6 3467/6/6 3470/6/6
f 3470/6/6 3467/6/6 3471/6/6
f 3471/6/6 3467/6/6 3472/6/6
f 3470/6/6 3471/6/6 3473/6/6
f 3473/6/6 3471/6/6 3474/6/6
f 3475/1/6 3476/1/6 3478/1/6
f 3476/3/6 3477/3/6 3479/3/6
f 3478/1/6 3476/1/6 3479/1/6
f 3479/3/6 3477/3/6 3480/3/6
f 3479/1/6 3480/1/6 3481/1/6
f 3481/1/6 3480/1/6 3482/1/6
f 3483/1/6 3484/1/6 3486/1/6
f 3485/5/6 3486/5/6 3487/5/6
f 3486/1/6 3484/1/6 3488/1/6
f 3487/5/6 3486/5/6 3488/5/6
f 3488/1/6 3484/1/6 3489/1/6
f 3490/2/6 3491/2/6 3493/2/6
f 3491/3/6 3492/3/6 3494/3/6
f 3493/2/6 3491/2/6 3494/2/6
f 3494/3/6 3492/3/6 3495/3/6
f 3493/3/6 3494/3/6 3496/3/6
f 3494/2/6 3495/2/6 3497/2/6
f 3496/3/6 3494/3/6 3497/3/6
f 3497/2/6 3495/2/6 3498/2/6
f 3499/1/6 3500/1/6 3501/1/6
f 3501/1/6 3500/1/6 3502/1/6
f 3502/1/6 3500/1/6 3503/1/6
f 3503/1/6 3500/1/6 3504/1/6
f 3505/1/6 3506/1/6 3507/1/6
f 3507/1/6 3506/1/6 3508/1/6
f 3507/5/6 3508/5/6 3509/5/6
f 3508/1/6 3506/1/6 3510/1/6
f 3509/5/6 3508/5/6 3510/5/6
f 3510/1/6 3506/1/6 3511/1/6
f 3512/5/6 3513/5/6 3515/5/6
f 3515/5/6 3513/5/6 3516/5/6
f 3514/1/6 3515/1/6 3517/1/6
f 3515/1/6 3516/1/6 3517/1/6
f 3517/1/6 3516/1/6 3518/1/6
f 3519/1/6 3520/1/6 3523/1/6
f 3520/5/6 3521/5/6 3524/5/6
f 3523/1/6 3520/1/6 3524/1/6
f 3521/1/6 3522/1/6 3525/1/6
f 3524/5/6 3521/5/6 3525/5/6
f 3525/1/6 3522/1/6 3526/1/6
f 3526/1/6 3527/1/6 3528/1/6
f 3525/1/6 3526/1/6 3528/1/6
f 3524/1/6 3525/1/6 3528/1/6
f 3528/1/6 3527/1/6 3529/1/6
f 3529/1/6 3527/1/6 3530/1/6
f 3530/1/6 3527/1/6 3531/1/6
f 3529/1/6 3530/1/6 3532/1/6
f 3530/5/6 3531/5/6 3533/5/6
f 3532/1/6 3530/1/6 3533/1/6
f 3533/5/6 3531/5/6 3534/5/6
